DE,bit_pos,SHCOARSE,ABSENT,DE TIME,EGY,MODE,TOF0,TOF1,TOF2,TOF3,CKSM,POS
0,97,460400745,0,3486,1,1,168,65535,108,70,8,255
1,146,460400745,0,2231,1,1,170,65535,112,70,6,255
2,195,460400745,0,2608,1,1,178,65535,102,50,12,255
3,244,460400745,0,3536,1,1,166,65535,102,74,6,255
4,298,460400745,0,3298,1,0,798,448,444,68,255,255
5,347,460400745,0,3275,1,1,186,65535,116,44,12,255
6,376,460400745,13,3672,1,0,65535,65535,116,65535,255,255
7,425,460400745,0,4066,1,1,164,65535,108,68,8,255
8,479,460400745,0,3718,1,0,1012,584,526,68,255,255
9,533,460400745,0,3889,1,0,1030,600,494,38,255,255
10,582,460400745,0,3118,1,1,174,65535,110,70,4,255
11,631,460400745,0,3620,1,1,200,65535,106,68,8,255
12,685,460400745,0,3534,1,0,898,494,500,66,255,255
13,734,460400745,0,3842,1,1,180,65535,122,68,6,255
14,783,460400745,0,3714,1,1,166,65535,106,68,6,255
15,832,460400745,0,1718,1,1,184,65535,102,46,10,255
16,881,460400745,0,3954,1,1,182,65535,108,42,10,255
17,930,460400745,0,3744,1,1,184,65535,108,46,12,255
18,979,460400745,0,3665,1,1,170,65535,108,70,6,255
19,1033,460400745,0,3806,1,0,864,476,484,68,255,255
20,1082,460400745,0,3672,1,1,166,65535,108,68,8,255
21,1136,460400745,0,3484,1,0,1032,664,470,70,255,255
22,1185,460400745,0,4068,1,1,178,65535,104,74,8,255
23,1234,460400745,0,3902,1,1,170,65535,110,70,6,255
24,1283,460400745,0,3926,1,1,164,65535,106,68,8,255
25,1332,460400745,0,3850,1,1,180,65535,100,42,12,255
26,1386,460400745,0,3017,1,0,834,470,432,40,255,255
27,1435,460400745,0,3875,1,1,176,65535,100,44,12,255
28,1489,460400745,0,3195,1,0,962,584,444,40,255,255
29,1538,460400745,0,4035,1,1,186,65535,118,42,12,255
30,1587,460400745,0,1613,1,1,218,65535,116,44,10,255
31,1636,460400745,0,3610,1,1,204,65535,106,42,10,255
32,1685,460400745,0,3839,1,1,168,65535,114,70,6,255
33,1734,460400745,0,3637,1,1,166,65535,104,68,10,255
34,1783,460400745,0,2750,1,1,168,65535,108,70,6,255
35,1832,460400745,0,3542,1,1,168,65535,114,70,6,255
36,1881,460400745,0,3643,1,1,172,65535,118,68,10,255
37,1935,460400745,0,2900,1,0,894,560,426,64,255,255
38,1984,460400745,0,2235,1,1,164,65535,100,68,6,255
39,2033,460400745,0,4033,1,1,168,65535,112,68,8,255
40,2082,460400745,0,3434,1,1,184,65535,124,42,10,255
41,2131,460400745,0,4001,1,1,166,65535,110,70,6,255
42,2180,460400745,0,3932,1,1,180,65535,110,40,10,255
43,2229,460400745,0,3924,1,1,168,65535,106,70,6,255
44,2278,460400745,0,3482,1,1,170,65535,112,70,8,255
45,2327,460400745,0,3698,1,1,186,65535,106,46,12,255
46,2376,460400745,0,3478,1,1,172,65535,114,68,6,255
47,2425,460400745,0,3220,1,1,172,65535,118,70,8,255
48,2474,460400745,0,3530,1,1,144,65535,124,66,8,255
49,2528,460400745,0,3746,1,0,1006,588,516,68,255,255
50,2577,460400745,0,3770,1,1,182,65535,110,44,10,255
51,2626,460400745,0,2753,1,1,154,65535,100,66,10,255
52,2675,460400745,0,3689,1,1,168,65535,116,68,8,255
53,2724,460400745,0,79,1,1,166,65535,106,70,6,255
54,2773,460400745,0,3131,1,1,176,65535,108,70,6,255
55,2822,460400745,0,3558,1,1,148,65535,112,70,8,255
56,2871,460400745,0,3448,1,1,152,65535,102,66,8,255
57,2920,460400745,0,4055,1,1,182,65535,108,42,12,255
58,2969,460400745,0,2453,1,1,138,65535,86,68,8,255
59,3000,460400745,10,870,1,1,65535,846,65535,65535,255,1
60,3049,460400745,0,3743,2,1,164,65535,120,68,8,255
61,3098,460400745,0,3117,2,1,170,65535,106,68,6,255
62,3147,460400745,0,2586,2,1,168,65535,106,68,8,255
63,3196,460400745,0,4082,2,1,186,65535,106,42,10,255
64,3250,460400745,0,3229,2,0,1066,686,452,42,255,255
65,3304,460400745,0,3459,2,0,950,528,518,68,255,255
66,3335,460400745,10,3561,2,1,65535,54,65535,65535,255,0
67,3384,460400745,0,2337,2,1,176,65535,104,72,6,255
68,3415,460400745,10,3180,2,1,65535,128,65535,65535,255,1
69,3464,460400745,0,2262,2,1,166,65535,110,70,8,255
70,3513,460400745,0,4080,2,1,178,65535,114,72,8,255
71,3567,460400745,0,3844,2,0,936,544,490,70,255,255
72,3599,460400745,6,3366,2,1,180,65535,65535,65535,255,1
73,3648,460400745,0,3011,2,1,180,65535,106,44,10,255
74,3680,460400745,6,4017,2,1,34,65535,65535,65535,255,3
75,3709,460400745,13,4020,2,0,65535,65535,496,65535,255,255
76,3740,460400745,10,3792,2,1,65535,62,65535,65535,255,1
77,3772,460400745,6,3666,2,1,176,65535,65535,65535,255,0
78,3804,460400745,6,2653,2,1,134,65535,65535,65535,255,2
79,3836,460400745,6,219,2,1,8,65535,65535,65535,255,2
80,3885,460400745,0,1966,2,1,184,65535,110,44,10,255
81,3934,460400745,0,3828,2,1,182,65535,112,42,10,255
82,3965,460400745,10,2218,2,1,65535,50,65535,65535,255,2
83,4014,460400745,0,3564,2,1,194,65535,104,52,10,255
84,4063,460400745,0,3738,2,1,164,65535,116,70,6,255
85,4092,460400745,13,3448,2,0,65535,65535,492,65535,255,255
86,4141,460400745,0,1786,2,1,180,65535,104,48,12,255
87,4190,460400745,0,2999,2,1,168,65535,108,70,6,255
88,4239,460400745,0,3946,2,1,166,65535,114,70,8,255
89,4288,460400745,0,3982,2,1,168,65535,102,72,6,255
90,4337,460400745,0,3297,2,1,184,65535,122,40,10,255
91,4386,460400745,0,3444,2,1,166,65535,106,68,8,255
92,4435,460400745,0,2743,2,1,172,65535,118,68,8,255
93,4484,460400745,0,3943,2,1,162,65535,98,66,8,255
94,4533,460400745,0,4070,2,1,186,65535,114,42,10,255
95,4587,460400745,0,3499,2,0,818,472,444,70,255,255
96,4641,460400745,0,4079,2,0,848,810,108,42,255,255
97,4690,460400745,0,3503,2,1,166,65535,100,68,6,255
98,4739,460400745,0,2741,2,1,168,65535,100,72,6,255
99,4788,460400745,0,3662,2,1,188,65535,104,44,10,255
100,4837,460400745,0,3358,2,1,180,65535,112,42,10,255
101,4886,460400745,0,2367,2,1,172,65535,118,68,4,255
102,4940,460400745,0,4078,2,0,1326,862,538,44,255,255
103,4994,460400745,0,3997,2,0,1030,594,530,66,255,255
104,5043,460400745,0,3726,2,1,158,65535,98,70,8,255
105,5092,460400745,0,4043,2,1,186,65535,120,40,10,255
106,5141,460400745,0,3591,2,1,182,65535,112,42,10,255
107,5190,460400745,0,3988,2,1,178,65535,98,42,14,255
108,5239,460400745,0,3037,2,1,180,65535,106,44,10,255
109,5293,460400745,0,3419,2,0,1242,818,522,68,255,255
110,5342,460400745,0,4016,2,1,168,65535,104,70,8,255
111,5396,460400745,0,3695,2,0,1636,218,500,66,255,255
112,5445,460400745,0,3867,2,1,180,65535,110,68,6,255
113,5494,460400745,0,3491,3,1,184,65535,118,42,12,255
114,5543,460400745,0,3460,3,1,174,65535,114,68,8,255
115,5592,460400745,0,3231,3,1,168,65535,110,68,6,255
116,5641,460400745,0,3797,3,1,182,65535,110,46,10,255
117,5690,460400745,0,3964,3,1,170,65535,110,68,6,255
118,5739,460400745,0,3386,3,1,168,65535,104,68,8,255
119,5788,460400745,0,2113,3,1,170,65535,116,68,8,255
120,5837,460400745,0,4043,3,1,168,65535,104,76,8,255
121,5886,460400745,0,3987,3,1,168,65535,116,72,6,255
122,5935,460400745,0,3331,3,1,170,65535,102,70,8,255
123,5989,460400745,0,2876,3,0,730,434,390,68,255,255
124,6043,460400745,0,4040,3,0,1110,644,566,68,255,255
125,6092,460400745,0,3644,3,1,164,65535,104,70,8,255
126,6141,460400745,0,3920,3,1,178,65535,112,42,10,255
127,6190,460400745,0,3988,3,1,180,65535,122,44,10,255
128,6239,460400745,0,3235,3,1,178,65535,102,50,10,255
129,6288,460400745,0,2593,3,1,178,65535,102,42,10,255
130,6337,460400745,0,2076,3,1,178,65535,104,44,12,255
131,6391,460400745,0,4050,3,0,820,480,406,40,255,255
132,6440,460400745,0,3986,3,1,202,65535,112,34,12,255
133,6489,460400745,0,3861,3,1,178,65535,106,50,8,255
134,6538,460400745,0,2859,3,1,174,65535,114,68,8,255
135,6592,460400745,0,2440,3,0,1034,636,508,80,255,255
136,6641,460400745,0,3791,3,1,180,65535,102,40,10,255
137,6690,460400745,0,3910,3,1,162,65535,104,68,8,255
138,6739,460400745,0,2798,3,1,172,65535,106,68,6,255
139,6788,460400745,0,3968,3,1,170,65535,100,74,8,255
140,6820,460400745,6,1905,3,1,132,65535,65535,65535,255,2
141,6869,460400745,0,3692,3,1,206,65535,118,44,10,255
142,6918,460400745,0,3425,3,1,164,65535,102,72,10,255
143,6972,460400745,0,3117,3,0,1414,854,658,66,255,255
144,7021,460400745,0,3406,3,1,168,65535,98,68,6,255
145,7070,460400745,0,2942,3,1,168,65535,110,70,6,255
146,7101,460400745,10,3234,3,1,65535,144,65535,65535,255,0
147,7133,460400745,6,3404,3,1,32,65535,65535,65535,255,2
148,7162,460400745,13,4035,3,0,65535,65535,104,65535,255,255
149,7194,460400745,6,3227,3,1,0,65535,65535,65535,255,2
150,7225,460400745,10,3981,3,1,65535,138,65535,65535,255,0
151,7257,460400745,6,3707,3,1,38,65535,65535,65535,255,3
152,7289,460400745,6,2897,3,1,42,65535,65535,65535,255,2
153,7338,460400745,0,3767,3,1,184,65535,116,50,8,255
154,7387,460400745,0,3543,3,1,168,65535,114,70,8,255
155,7436,460400745,0,3392,3,1,170,65535,106,40,10,255
156,7485,460400745,0,3757,3,1,180,65535,108,42,10,255
157,7517,460400745,6,3812,3,1,18,65535,65535,65535,255,3
158,7549,460400745,6,3155,3,1,172,65535,65535,65535,255,0
159,7598,460400745,0,762,3,1,188,65535,108,42,10,255
160,7630,460400745,6,3965,3,1,188,65535,65535,65535,255,1
161,7679,460400745,0,3122,3,1,184,65535,106,48,12,255
162,7733,460400745,0,3681,3,0,1366,860,604,70,255,255
163,7765,460400745,6,4092,3,1,92,65535,65535,65535,255,2
164,7814,460400745,0,4001,3,1,170,65535,104,70,6,255
165,7863,460400745,0,3757,3,1,178,65535,114,42,10,255
166,7912,460400745,0,271,3,1,178,65535,112,42,12,255
167,7961,460400745,0,3726,3,1,170,65535,102,70,6,255
168,8010,460400745,0,2038,3,1,184,65535,116,42,12,255
169,8064,460400745,0,3839,3,0,1210,734,576,68,255,255
170,8093,460400745,13,4014,4,0,65535,65535,98,65535,255,255
171,8142,460400745,0,3453,4,1,162,65535,102,68,8,255
172,8191,460400745,0,2949,4,1,166,65535,110,70,6,255
173,8245,460400745,0,2770,4,0,800,430,436,42,255,255
174,8294,460400745,0,3341,4,1,166,65535,104,72,8,255
175,8343,460400745,0,3823,4,1,178,65535,114,42,10,255
176,8397,460400745,0,4087,4,0,1084,678,478,42,255,255
177,8446,460400745,0,3258,4,1,166,65535,116,70,6,255
178,8475,460400745,13,3915,4,0,65535,65535,98,65535,255,255
179,8529,460400745,0,3762,4,0,1214,736,576,68,255,255
180,8583,460400745,0,3728,4,0,1006,684,422,68,255,255
181,8632,460400745,0,2330,4,1,182,65535,100,44,12,255
182,8681,460400745,0,4084,4,1,168,65535,108,70,6,255
183,8730,460400745,0,3001,4,1,176,65535,112,68,6,255
184,8784,460400745,0,4047,4,0,882,508,470,68,255,255
185,8833,460400745,0,3853,4,1,168,65535,112,70,10,255
186,8887,460400745,0,4038,4,0,798,450,442,68,255,255
187,8941,460400745,0,4032,4,0,14,30,32,44,255,255
188,8990,460400745,0,2823,4,1,168,65535,102,70,8,255
189,9044,460400745,0,3728,4,0,926,560,466,68,255,255
190,9098,460400745,0,3924,4,0,858,486,462,64,255,255
191,9147,460400745,0,3477,4,1,166,65535,104,72,6,255
192,9201,460400745,0,3293,4,0,900,528,470,68,255,255
193,9255,460400745,0,4047,4,0,942,522,514,66,255,255
194,9304,460400745,0,3854,4,1,192,65535,114,42,12,255
195,9353,460400745,0,3492,4,1,162,65535,98,70,4,255
196,9402,460400745,0,4074,4,1,172,65535,122,72,8,255
197,9451,460400745,0,2765,4,1,176,65535,100,78,10,255
198,9505,460400745,0,3277,4,0,894,490,502,68,255,255
199,9554,460400745,0,3605,4,1,162,65535,98,70,6,255
200,9603,460400745,0,3426,4,1,164,65535,102,70,8,255
201,9652,460400745,0,3596,4,1,168,65535,108,66,8,255
202,9701,460400745,0,3795,4,1,164,65535,102,70,6,255
203,9750,460400745,0,3906,4,1,166,65535,100,72,8,255
204,9799,460400745,0,3998,4,1,152,65535,82,42,12,255
205,9853,460400745,0,3813,4,0,1936,428,582,64,255,255
206,9907,460400745,0,386,4,0,992,554,510,44,255,255
207,9961,460400745,0,3746,4,0,1168,776,484,62,255,255
208,10015,460400745,0,4088,4,0,952,516,504,40,255,255
209,10064,460400745,0,3966,4,1,170,65535,106,72,4,255
210,10118,460400745,0,4022,4,0,804,472,428,70,255,255
211,10147,460400745,13,3769,4,0,65535,65535,102,65535,255,255
212,10201,460400745,0,3987,4,0,798,328,534,40,255,255
213,10230,460400745,13,3913,4,0,65535,65535,422,65535,255,255
214,10279,460400745,0,3535,4,1,162,65535,102,70,8,255
215,10328,460400745,0,3418,4,1,166,65535,104,68,8,255
216,10382,460400745,0,3591,4,0,838,502,430,66,255,255
217,10414,460400745,6,4081,4,1,174,65535,65535,65535,255,0
218,10463,460400745,0,3559,4,1,166,65535,98,72,8,255
219,10492,460400745,13,3385,4,0,65535,65535,420,65535,255,255
220,10541,460400745,0,3945,4,1,174,65535,98,46,10,255
221,10590,460400745,0,3423,4,1,176,65535,98,44,10,255
222,10619,460400745,13,3853,4,0,65535,65535,0,65535,255,255
223,10673,460400745,0,3395,4,0,926,536,488,68,255,255
224,10705,460400745,6,4008,4,1,188,65535,65535,65535,255,1
225,10754,460400745,0,39,4,1,160,65535,104,68,6,255
226,10785,460400745,10,2863,4,1,65535,38,65535,65535,255,0
227,10816,460400745,10,3605,4,1,65535,26,65535,65535,255,3
228,10865,460400745,0,3407,4,1,164,65535,112,68,8,255
229,10897,460400745,6,4002,5,1,10,65535,65535,65535,255,2
230,10929,460400745,6,3867,5,1,12,65535,65535,65535,255,2
231,10961,460400745,6,3834,5,1,2,65535,65535,65535,255,2
232,10993,460400745,6,3006,5,1,210,65535,65535,65535,255,2
233,11024,460400745,10,205,5,1,65535,32,65535,65535,255,3
234,11056,460400745,6,3648,5,1,8,65535,65535,65535,255,2
235,11088,460400745,6,3021,5,1,26,65535,65535,65535,255,2
236,11120,460400745,6,2984,5,1,34,65535,65535,65535,255,3
237,11149,460400745,13,2755,5,0,65535,65535,96,65535,255,255
238,11203,460400745,0,2909,5,0,1158,718,538,68,255,255
239,11234,460400745,10,1945,5,1,65535,138,65535,65535,255,0
240,11266,460400745,6,3774,5,1,22,65535,65535,65535,255,2
241,11298,460400745,6,3180,5,1,14,65535,65535,65535,255,2
242,11330,460400745,6,3340,5,1,2,65535,65535,65535,255,2
243,11361,460400745,10,4018,5,1,65535,158,65535,65535,255,0
244,11410,460400745,0,3294,5,1,160,65535,98,70,6,255
245,11459,460400745,0,3252,5,1,162,65535,96,68,10,255
246,11508,460400745,0,4011,5,1,182,65535,118,40,10,255
247,11557,460400745,0,3638,5,1,198,65535,100,44,10,255
248,11611,460400745,0,3035,5,0,894,528,460,68,255,255
249,11660,460400745,0,3948,5,1,166,65535,90,72,8,255
250,11714,460400745,0,3941,5,0,882,470,478,40,255,255
251,11768,460400745,0,1631,5,0,862,486,472,68,255,255
252,11822,460400745,0,3976,5,0,914,500,444,2,255,255
253,11871,460400745,0,3134,5,1,162,65535,98,70,8,255
254,11925,460400745,0,3340,5,0,976,30,1012,42,255,255
255,11979,460400745,0,3962,5,0,1440,918,598,42,255,255
256,12028,460400745,0,4077,5,1,160,65535,94,72,8,255
257,12077,460400745,0,3988,5,1,166,65535,100,70,6,255
258,12126,460400745,0,4076,5,1,162,65535,98,70,6,255
259,12180,460400745,0,4003,5,0,932,550,478,68,255,255
260,12234,460400745,0,3503,5,0,800,484,416,70,255,255
261,12283,460400745,0,3648,5,1,186,65535,100,46,10,255
262,12337,460400745,0,3584,5,0,1234,740,594,68,255,255
263,12386,460400745,0,4093,5,1,174,65535,96,44,10,255
264,12435,460400745,0,3560,5,1,158,65535,92,70,6,255
265,12484,460400745,0,3652,5,1,168,65535,104,70,6,255
266,12538,460400745,0,3870,5,0,1188,868,414,66,255,255
267,12587,460400745,0,3797,5,1,162,65535,94,72,10,255
268,12636,460400745,0,1393,5,1,172,65535,94,44,12,255
269,12685,460400745,0,3540,5,1,204,65535,132,44,8,255
270,12734,460400745,0,3942,5,1,168,65535,104,70,8,255
271,12788,460400745,0,4050,5,0,1222,764,530,40,255,255
272,12837,460400745,0,4083,5,1,164,65535,100,68,8,255
273,12891,460400745,0,3964,5,0,938,564,470,68,255,255
274,12940,460400745,0,3001,5,1,164,65535,102,68,6,255
275,12994,460400745,0,4064,5,0,792,450,436,68,255,255
276,13043,460400745,0,3971,5,1,164,65535,94,70,8,255
277,13092,460400745,0,3926,5,1,158,65535,92,70,6,255
278,13141,460400745,0,3894,5,1,178,65535,104,42,12,255
279,13190,460400745,0,2050,5,1,158,65535,104,68,8,255
280,13239,460400745,0,3879,5,1,170,65535,94,70,8,255
281,13293,460400745,0,3983,5,0,930,540,486,68,255,255
282,13342,460400745,0,3699,5,1,224,65535,100,68,12,255
283,13373,460400745,10,3776,6,1,65535,112,65535,65535,255,1
284,13427,460400745,0,3773,6,0,1394,952,516,40,255,255
285,13481,460400745,0,2945,6,0,1116,636,578,68,255,255
286,13510,460400745,13,3717,6,0,65535,65535,458,65535,255,255
287,13542,460400745,6,3560,6,1,744,65535,65535,65535,255,1
288,13571,460400745,13,3535,6,0,65535,65535,490,65535,255,255
289,13603,460400745,6,3199,6,1,12,65535,65535,65535,255,2
290,13634,460400745,10,3703,6,1,65535,904,65535,65535,255,2
291,13666,460400745,6,3579,6,1,12,65535,65535,65535,255,2
292,13698,460400745,6,3960,6,1,38,65535,65535,65535,255,3
293,13747,460400745,0,4069,6,1,162,65535,86,72,10,255
294,13779,460400745,6,3919,6,1,26,65535,65535,65535,255,2
295,13811,460400745,6,4051,6,1,34,65535,65535,65535,255,3
296,13842,460400745,10,3562,6,1,65535,52,65535,65535,255,1
297,13873,460400745,10,1603,6,1,65535,38,65535,65535,255,1
298,13922,460400745,0,3268,6,1,156,65535,92,68,8,255
299,13971,460400745,0,3865,6,1,158,65535,94,70,10,255
300,14000,460400745,13,3382,6,0,65535,65535,446,65535,255,255
301,14031,460400745,10,3992,6,1,65535,526,65535,65535,255,2
302,14085,460400745,0,4031,6,0,966,544,518,68,255,255
303,14134,460400745,0,3695,6,1,176,65535,104,42,10,255
304,14183,460400745,0,3872,6,1,162,65535,98,68,8,255
305,14237,460400745,0,4080,6,0,1130,756,448,42,255,255
306,14286,460400745,0,3404,6,1,160,65535,98,68,6,255
307,14317,460400745,10,2754,6,1,65535,58,65535,65535,255,0
308,14366,460400745,0,1709,6,1,160,65535,106,68,8,255
309,14420,460400745,0,2175,6,0,878,508,462,66,255,255
310,14474,460400745,0,3013,6,0,1056,662,466,42,255,255
311,14528,460400745,0,3276,6,0,640,368,336,42,255,255
312,14582,460400745,0,3938,6,0,914,520,460,38,255,255
313,14631,460400745,0,3658,6,1,164,65535,94,74,8,255
314,14685,460400745,0,3212,6,0,864,536,430,76,255,255
315,14739,460400745,0,3606,6,0,740,418,414,66,255,255
316,14788,460400745,0,2884,6,1,170,65535,94,44,12,255
317,14842,460400745,0,3961,6,0,1862,250,668,42,255,255
318,14896,460400745,0,3742,6,0,1750,826,0,66,255,255
319,14950,460400745,0,3794,6,0,808,498,404,66,255,255
320,15004,460400745,0,2892,6,0,950,560,458,42,255,255
321,15058,460400745,0,3474,6,0,886,514,468,68,255,255
322,15107,460400745,0,3021,6,1,174,65535,96,60,10,255
323,15156,460400745,0,3556,6,1,178,65535,108,44,10,255
324,15210,460400745,0,3437,6,0,1076,662,512,66,255,255
325,15259,460400745,0,3643,6,1,168,65535,172,68,6,255
326,15313,460400745,0,3312,6,0,882,480,468,40,255,255
327,15367,460400745,0,4055,7,0,840,410,458,2,255,255
328,15421,460400745,0,2464,7,0,842,502,432,66,255,255
329,15470,460400745,0,3861,7,1,156,65535,98,66,12,255
330,15519,460400745,0,3990,7,1,154,65535,92,66,10,255
331,15568,460400745,0,3826,7,1,156,65535,104,62,8,255
332,15600,460400745,6,2099,7,1,4,65535,65535,65535,255,2
333,15649,460400745,0,1684,7,1,154,65535,100,64,10,255
334,15698,460400745,0,3887,7,1,148,65535,86,66,8,255
335,15729,460400745,10,3903,7,1,65535,44,65535,65535,255,0
336,15778,460400745,0,3768,7,1,174,65535,96,44,14,255
337,15827,460400745,0,3596,7,1,170,65535,100,42,12,255
338,15859,460400745,6,2998,7,1,64,65535,65535,65535,255,2
339,15908,460400745,0,3873,7,1,154,65535,98,62,8,255
340,15940,460400745,6,2566,7,1,20,65535,65535,65535,255,3
341,15972,460400745,6,3646,7,1,898,65535,65535,65535,255,2
342,16001,460400745,13,3622,7,0,65535,65535,86,65535,255,255
343,16033,460400745,6,4004,7,1,20,65535,65535,65535,255,2
344,16062,460400745,13,3634,7,0,65535,65535,88,65535,255,255
345,16094,460400745,6,3830,7,1,152,65535,65535,65535,255,0
346,16143,460400745,0,2825,7,1,166,65535,108,42,12,255
347,16197,460400745,0,3560,7,0,846,496,444,68,255,255
348,16226,460400745,13,4007,7,0,65535,65535,82,65535,255,255
349,16258,460400745,6,2553,7,1,272,65535,65535,65535,255,2
350,16290,460400745,6,2504,7,1,248,65535,65535,65535,255,2
351,16322,460400745,6,2406,7,1,20,65535,65535,65535,255,2
352,16353,460400745,10,3992,7,1,65535,60,65535,65535,255,0
353,16402,460400745,0,3321,7,1,162,65535,88,66,8,255
354,16434,460400745,6,2786,7,1,14,65535,65535,65535,255,2
355,16463,460400745,13,3925,7,0,65535,65535,100,65535,255,255
356,16494,460400745,10,3785,7,1,65535,36,65535,65535,255,1
357,16526,460400745,6,3393,7,1,64,65535,65535,65535,255,2
358,16575,460400745,0,3795,7,1,152,65535,98,66,8,255
359,16624,460400745,0,3901,7,1,164,65535,100,38,10,255
360,16673,460400745,0,3909,7,1,148,65535,84,68,6,255
361,16722,460400745,0,3569,7,1,154,65535,102,64,10,255
362,16771,460400745,0,3916,7,1,146,65535,98,68,8,255
363,16820,460400745,0,3326,7,1,154,65535,106,66,10,255
364,16869,460400745,0,3732,7,1,154,65535,86,66,6,255
365,16918,460400745,0,3951,7,1,170,65535,88,44,12,255
366,16967,460400745,0,2196,7,1,154,65535,100,66,8,255
367,17016,460400745,0,3997,7,1,154,65535,106,70,8,255
368,17065,460400745,0,3286,7,1,148,65535,102,68,8,255
369,17114,460400745,0,2532,7,1,150,65535,102,68,10,255
370,17163,460400745,0,3468,7,1,166,65535,96,40,14,255
371,17217,460400745,0,4090,7,0,868,502,456,64,255,255
372,17266,460400745,0,3980,7,1,136,65535,72,66,10,255
373,17315,460400745,0,3834,7,1,166,65535,94,44,10,255
374,17364,460400745,0,3949,1,1,168,65535,108,68,8,255
375,17413,460400745,0,3398,1,1,182,65535,98,68,10,255
376,17462,460400745,0,3154,1,1,170,65535,114,86,6,255
377,17511,460400745,0,3945,1,1,170,65535,92,70,8,255
378,17543,460400745,6,3877,1,1,186,65535,65535,65535,255,1
379,17575,460400745,6,3411,1,1,170,65535,65535,65535,255,0
380,17624,460400745,0,2021,1,1,166,65535,114,70,6,255
381,17673,460400745,0,3766,1,1,190,65535,108,54,8,255
382,17727,460400745,0,3957,1,0,1036,596,536,68,255,255
383,17776,460400745,0,3525,1,1,172,65535,106,68,6,255
384,17807,460400745,10,4018,1,1,65535,138,65535,65535,255,0
385,17861,460400745,0,3712,1,0,938,600,432,66,255,255
386,17915,460400745,0,3835,1,0,1626,156,546,66,255,255
387,17964,460400745,0,3841,1,1,166,65535,102,68,8,255
388,18013,460400745,0,3331,1,1,162,65535,100,40,12,255
389,18062,460400745,0,3602,1,1,162,65535,102,68,8,255
390,18111,460400745,0,4012,1,1,170,65535,106,68,6,255
391,18165,460400745,0,3027,1,0,1218,770,480,2,255,255
392,18214,460400745,0,3395,1,1,164,65535,106,72,8,255
393,18263,460400745,0,2673,1,1,170,65535,110,68,6,255
394,18312,460400745,0,3919,1,1,164,65535,102,66,10,255
395,18361,460400745,0,3185,1,1,186,65535,114,52,8,255
396,18410,460400745,0,4026,1,1,202,65535,106,46,10,255
397,18464,460400745,0,3988,1,0,960,530,500,42,255,255
398,18513,460400745,0,3661,1,1,172,65535,108,70,6,255
399,18562,460400745,0,3229,1,1,148,65535,92,66,8,255
400,18616,460400745,0,1970,1,0,924,576,446,70,255,255
401,18670,460400745,0,4055,1,0,958,578,446,42,255,255
402,18719,460400745,0,4076,1,1,164,65535,106,68,6,255
403,18768,460400745,0,2758,1,1,172,65535,114,70,8,255
404,18817,460400745,0,2455,1,1,172,65535,106,74,8,255
405,18866,460400745,0,3224,1,1,170,65535,102,70,6,255
406,18915,460400745,0,3725,1,1,186,65535,112,40,12,255
407,18964,460400745,0,3889,1,1,150,65535,80,66,6,255
408,19018,460400745,0,3761,1,0,876,480,490,68,255,255
409,19067,460400745,0,3232,1,1,174,65535,112,68,8,255
410,19116,460400745,0,3659,1,1,178,65535,110,68,8,255
411,19165,460400745,0,3661,1,1,168,65535,102,72,8,255
412,19219,460400745,0,3944,1,0,1034,666,438,40,255,255
413,19268,460400745,0,3744,1,1,170,65535,112,70,6,255
414,19322,460400745,0,2033,1,0,1024,680,442,68,255,255
415,19371,460400745,0,2715,1,1,188,65535,110,46,10,255
416,19420,460400745,0,4034,1,1,140,65535,76,68,8,255
417,19469,460400745,0,2449,1,1,150,65535,94,68,10,255
418,19523,460400745,0,3014,1,0,1828,392,490,40,255,255
419,19572,460400745,0,3576,1,1,168,65535,104,72,6,255
420,19621,460400745,0,3638,1,1,170,65535,98,70,8,255
421,19652,460400745,10,3497,1,1,65535,136,65535,65535,255,0
422,19701,460400745,0,3992,1,1,146,65535,100,68,10,255
423,19750,460400745,0,64,1,1,168,65535,108,68,8,255
424,19779,460400745,13,3336,1,0,65535,65535,492,65535,255,255
425,19828,460400745,0,3762,1,1,178,65535,110,46,12,255
426,19877,460400745,0,3865,1,1,168,65535,114,70,10,255
427,19926,460400745,0,3770,1,1,182,65535,114,46,10,255
428,19955,460400745,13,4021,1,0,65535,65535,498,65535,255,255
429,19987,460400745,6,1811,1,1,38,65535,65535,65535,255,3
430,20036,460400745,0,3012,1,1,162,65535,86,76,8,255
431,20085,460400745,0,4061,1,1,164,65535,92,40,10,255
432,20114,460400745,13,3306,1,0,65535,65535,102,65535,255,255
433,20168,460400745,0,3812,2,0,1428,88,422,68,255,255
434,20217,460400745,0,3746,2,1,166,65535,102,70,6,255
435,20266,460400745,0,2733,2,1,166,65535,106,72,8,255
436,20315,460400745,0,4091,2,1,170,65535,104,70,8,255
437,20364,460400745,0,4080,2,1,178,65535,108,70,6,255
438,20413,460400745,0,3550,2,1,164,65535,98,70,8,255
439,20442,460400745,13,3381,2,0,65535,65535,114,65535,255,255
440,20491,460400745,0,2698,2,1,182,65535,104,42,12,255
441,20540,460400745,0,2475,2,1,172,65535,112,68,8,255
442,20589,460400745,0,4029,2,1,170,65535,114,70,6,255
443,20620,460400745,10,3974,2,1,65535,148,65535,65535,255,0
444,20651,460400745,10,3233,2,1,65535,46,65535,65535,255,0
445,20700,460400745,0,3504,2,1,178,65535,108,44,8,255
446,20732,460400745,6,3965,2,1,30,65535,65535,65535,255,2
447,20761,460400745,13,4015,2,0,65535,65535,98,65535,255,255
448,20793,460400745,6,3706,2,1,32,65535,65535,65535,255,3
449,20825,460400745,6,2958,2,1,42,65535,65535,65535,255,3
450,20854,460400745,13,3621,2,0,65535,65535,112,65535,255,255
451,20886,460400745,6,3226,2,1,164,65535,65535,65535,255,2
452,20918,460400745,6,2947,2,1,522,65535,65535,65535,255,2
453,20950,460400745,6,3760,2,1,192,65535,65535,65535,255,2
454,20981,460400745,10,3999,2,1,65535,126,65535,65535,255,1
455,21030,460400745,0,3072,2,1,188,65535,110,74,6,255
456,21079,460400745,0,2519,2,1,186,65535,116,70,8,255
457,21111,460400745,6,3550,2,1,184,65535,65535,65535,255,0
458,21143,460400745,6,3689,2,1,30,65535,65535,65535,255,3
459,21192,460400745,0,4056,2,1,172,65535,110,68,6,255
460,21241,460400745,0,4074,2,1,166,65535,104,68,8,255
461,21270,460400745,13,3934,2,0,65535,65535,110,65535,255,255
462,21319,460400745,0,3997,2,1,166,65535,98,68,6,255
463,21368,460400745,0,3476,2,1,180,65535,108,72,6,255
464,21417,460400745,0,3961,2,1,166,65535,106,68,10,255
465,21466,460400745,0,3962,2,1,168,65535,110,66,8,255
466,21515,460400745,0,3836,2,1,176,65535,102,42,10,255
467,21564,460400745,0,3520,2,1,168,65535,98,74,8,255
468,21613,460400745,0,3975,2,1,176,65535,104,42,12,255
469,21662,460400745,0,4001,2,1,168,65535,104,70,8,255
470,21711,460400745,0,2709,2,1,180,65535,110,42,12,255
471,21760,460400745,0,3842,2,1,172,65535,120,68,8,255
472,21809,460400745,0,4046,2,1,166,65535,104,70,10,255
473,21858,460400745,0,4077,2,1,182,65535,114,42,10,255
474,21907,460400745,0,2936,2,1,168,65535,106,70,8,255
475,21961,460400745,0,3232,2,0,1122,666,556,68,255,255
476,22010,460400745,0,4092,2,1,176,65535,104,70,6,255
477,22059,460400745,0,4054,2,1,170,65535,114,66,8,255
478,22088,460400745,13,3466,2,0,65535,65535,108,65535,255,255
479,22137,460400745,0,2539,2,1,168,65535,108,70,6,255
480,22186,460400745,0,2008,2,1,168,65535,110,70,8,255
481,22235,460400745,0,3734,3,1,166,65535,102,68,10,255
482,22284,460400745,0,2418,3,1,182,65535,106,42,10,255
483,22333,460400745,0,3263,3,1,164,65535,100,70,6,255
484,22382,460400745,0,2516,3,1,178,65535,100,46,14,255
485,22431,460400745,0,3370,3,1,162,65535,114,68,8,255
486,22480,460400745,0,2443,3,1,176,65535,110,68,6,255
487,22529,460400745,0,3876,3,1,166,65535,102,70,8,255
488,22578,460400745,0,3131,3,1,170,65535,100,72,8,255
489,22627,460400745,0,3650,3,1,166,65535,114,68,6,255
490,22676,460400745,0,3920,3,1,184,65535,104,44,10,255
491,22725,460400745,0,3591,3,1,182,65535,114,40,10,255
492,22774,460400745,0,2927,3,1,176,65535,104,42,10,255
493,22823,460400745,0,3269,3,1,180,65535,112,40,10,255
494,22872,460400745,0,3544,3,1,164,65535,104,68,8,255
495,22921,460400745,0,2267,3,1,168,65535,98,70,8,255
496,22970,460400745,0,3345,3,1,170,65535,102,70,6,255
497,23024,460400745,0,4079,3,0,1176,794,466,56,255,255
498,23078,460400745,0,3988,3,0,1016,602,510,68,255,255
499,23127,460400745,0,1475,3,1,178,65535,106,42,12,255
500,23176,460400745,0,3231,3,1,178,65535,106,72,8,255
501,23225,460400745,0,3992,3,1,170,65535,94,46,10,255
502,23274,460400745,0,3745,3,1,168,65535,110,72,6,255
503,23323,460400745,0,3427,3,1,180,65535,112,70,8,255
504,23352,460400745,13,3881,3,0,65535,65535,94,65535,255,255
505,23401,460400745,0,2060,3,1,154,65535,90,66,10,255
506,23450,460400745,0,2968,3,1,172,65535,104,72,6,255
507,23499,460400745,0,3959,3,1,166,65535,110,68,10,255
508,23530,460400745,10,2857,3,1,65535,136,65535,65535,255,0
509,23559,460400745,13,3729,3,0,65535,65535,72,65535,255,255
510,23590,460400745,10,3457,3,1,65535,68,65535,65535,255,0
511,23619,460400745,13,3497,3,0,65535,65535,620,65535,255,255
512,23648,460400745,13,4087,3,0,65535,65535,566,65535,255,255
513,23697,460400745,0,3750,3,1,166,65535,102,68,6,255
514,23728,460400745,10,3791,3,1,65535,46,65535,65535,255,2
515,23759,460400745,10,4047,3,1,65535,140,65535,65535,255,0
516,23788,460400745,13,3850,3,0,65535,65535,622,65535,255,255
517,23820,460400745,6,2926,3,1,30,65535,65535,65535,255,3
518,23874,460400745,0,3151,3,0,848,524,388,40,255,255
519,23906,460400745,6,4044,3,1,162,65535,65535,65535,255,0
520,23935,460400745,13,3743,3,0,65535,65535,112,65535,255,255
521,23964,460400745,13,3760,3,0,65535,65535,94,65535,255,255
522,23995,460400745,10,2358,3,1,65535,156,65535,65535,255,0
523,24044,460400745,0,2361,3,1,182,65535,110,42,12,255
524,24073,460400745,13,3886,3,0,65535,65535,102,65535,255,255
525,24122,460400745,0,3451,3,1,168,65535,106,68,8,255
526,24151,460400745,13,3785,3,0,65535,65535,104,65535,255,255
527,24183,460400745,6,2351,3,1,24,65535,65535,65535,255,2
528,24232,460400745,0,2709,3,1,180,65535,114,40,12,255
529,24281,460400745,0,3753,3,1,178,65535,100,44,10,255
530,24330,460400745,0,3967,3,1,156,65535,104,70,6,255
531,24379,460400745,0,2667,3,1,178,65535,110,44,8,255
532,24428,460400745,0,3769,3,1,170,65535,108,70,6,255
533,24477,460400745,0,3591,3,1,186,65535,114,42,10,255
534,24506,460400745,13,3319,4,0,65535,65535,120,65535,255,255
535,24555,460400745,0,4009,4,1,156,65535,92,68,8,255
536,24604,460400745,0,3487,4,1,164,65535,106,70,10,255
537,24635,460400745,10,3953,4,1,65535,28,65535,65535,255,1
538,24664,460400745,13,3099,4,0,65535,65535,100,65535,255,255
539,24713,460400745,0,4010,4,1,168,65535,108,70,6,255
540,24762,460400745,0,3494,4,1,164,65535,100,70,8,255
541,24811,460400745,0,3648,4,1,184,65535,106,42,12,255
542,24840,460400745,13,3657,4,0,65535,65535,88,65535,255,255
543,24869,460400745,13,4045,4,0,65535,65535,100,65535,255,255
544,24900,460400745,10,3088,4,1,65535,38,65535,65535,255,1
545,24949,460400745,0,3788,4,1,166,65535,106,68,8,255
546,24980,460400745,10,3528,4,1,65535,490,65535,65535,255,0
547,25029,460400745,0,4065,4,1,156,65535,92,66,6,255
548,25061,460400745,6,3972,4,1,4,65535,65535,65535,255,2
549,25115,460400745,0,3913,4,0,882,448,500,40,255,255
550,25169,460400745,0,3800,4,0,1232,880,424,40,255,255
551,25218,460400745,0,1394,4,1,166,65535,100,70,6,255
552,25272,460400745,0,4020,4,0,894,504,484,66,255,255
553,25321,460400745,0,3424,4,1,184,65535,108,42,12,255
554,25370,460400745,0,3984,4,1,162,65535,100,68,8,255
555,25401,460400745,10,2673,4,1,65535,42,65535,65535,255,1
556,25450,460400745,0,3486,4,1,164,65535,100,70,8,255
557,25504,460400745,0,3816,4,0,854,488,464,70,255,255
558,25558,460400745,0,4036,4,0,760,404,418,38,255,255
559,25607,460400745,0,3080,4,1,162,65535,104,68,6,255
560,25656,460400745,0,3201,4,1,174,65535,118,70,8,255
561,25710,460400745,0,3490,4,0,982,576,502,68,255,255
562,25764,460400745,0,3473,4,0,970,538,526,66,255,255
563,25818,460400745,0,3555,4,0,1022,608,506,64,255,255
564,25867,460400745,0,3822,4,1,178,65535,106,44,12,255
565,25916,460400745,0,3648,4,1,166,65535,106,68,8,255
566,25970,460400745,0,3562,4,0,784,460,418,68,255,255
567,26019,460400745,0,3484,4,1,164,65535,106,70,8,255
568,26068,460400745,0,2082,4,1,162,65535,120,66,6,255
569,26117,460400745,0,2699,4,1,178,65535,100,50,12,255
570,26166,460400745,0,3956,4,1,166,65535,98,70,8,255
571,26215,460400745,0,3927,4,1,170,65535,92,48,12,255
572,26264,460400745,0,3721,4,1,164,65535,108,68,8,255
573,26313,460400745,0,3126,4,1,166,65535,98,72,8,255
574,26367,460400745,0,3613,4,0,1040,596,538,66,255,255
575,26396,460400745,13,3075,4,0,65535,65535,488,65535,255,255
576,26445,460400745,0,3469,4,1,170,65535,106,72,8,255
577,26474,460400745,13,3165,4,0,65535,65535,106,65535,255,255
578,26506,460400745,6,3075,4,1,188,65535,65535,65535,255,1
579,26537,460400745,10,2455,4,1,65535,6,65535,65535,255,1
580,26566,460400745,13,3971,4,0,65535,65535,520,65535,255,255
581,26598,460400745,6,3282,4,1,6,65535,65535,65535,255,2
582,26630,460400745,6,4079,4,1,184,65535,65535,65535,255,1
583,26661,460400745,10,3252,4,1,65535,40,65535,65535,255,1
584,26690,460400745,13,3657,4,0,65535,65535,478,65535,255,255
585,26744,460400745,0,2965,4,0,814,458,422,42,255,255
586,26776,460400745,6,4053,5,1,20,65535,65535,65535,255,2
587,26808,460400745,6,4036,5,1,516,65535,65535,65535,255,2
588,26839,460400745,10,4026,5,1,65535,44,65535,65535,255,1
589,26871,460400745,6,3712,5,1,166,65535,65535,65535,255,0
590,26903,460400745,6,2222,5,1,4,65535,65535,65535,255,2
591,26935,460400745,6,3929,5,1,200,65535,65535,65535,255,0
592,26966,460400745,10,1506,5,1,65535,34,65535,65535,255,1
593,26998,460400745,6,3716,5,1,4,65535,65535,65535,255,2
594,27027,460400745,13,3738,5,0,65535,65535,556,65535,255,255
595,27056,460400745,13,3236,5,0,65535,65535,542,65535,255,255
596,27088,460400745,6,3338,5,1,22,65535,65535,65535,255,2
597,27117,460400745,13,4020,5,0,65535,65535,484,65535,255,255
598,27146,460400745,13,3407,5,0,65535,65535,92,65535,255,255
599,27200,460400745,0,3982,5,0,1406,60,426,68,255,255
600,27231,460400745,10,3770,5,1,65535,36,65535,65535,255,1
601,27280,460400745,0,3867,5,1,174,65535,94,50,10,255
602,27329,460400745,0,3968,5,1,160,65535,98,68,8,255
603,27383,460400745,0,3953,5,0,878,520,426,40,255,255
604,27437,460400745,0,2936,5,0,756,438,414,70,255,255
605,27491,460400745,0,3828,5,0,960,544,516,70,255,255
606,27545,460400745,0,3912,5,0,976,522,522,40,255,255
607,27594,460400745,0,3770,5,1,170,65535,104,70,8,255
608,27648,460400745,0,3468,5,0,890,422,534,40,255,255
609,27702,460400745,0,3300,5,0,768,404,454,64,255,255
610,27756,460400745,0,2902,5,0,910,554,446,62,255,255
611,27810,460400745,0,3394,5,0,1122,720,498,62,255,255
612,27864,460400745,0,1808,5,0,748,434,410,68,255,255
613,27918,460400745,0,3946,5,0,762,442,418,72,255,255
614,27967,460400745,0,4028,5,1,162,65535,92,78,6,255
615,28021,460400745,0,3828,5,0,910,518,486,66,255,255
616,28075,460400745,0,3783,5,0,830,468,458,68,255,255
617,28129,460400745,0,3726,5,0,998,586,508,66,255,255
618,28178,460400745,0,3768,5,1,238,65535,114,36,8,255
619,28232,460400745,0,2087,5,0,898,494,500,66,255,255
620,28286,460400745,0,3198,5,0,750,422,394,40,255,255
621,28335,460400745,0,3543,5,1,166,65535,104,66,8,255
622,28389,460400745,0,2902,5,0,1038,618,516,66,255,255
623,28438,460400745,0,3300,5,1,166,65535,98,74,8,255
624,28487,460400745,0,2336,5,1,164,65535,98,72,8,255
625,28541,460400745,0,3300,5,0,968,592,472,68,255,255
626,28595,460400745,0,3754,5,0,1086,680,472,38,255,255
627,28627,460400745,6,34,5,1,152,65535,65535,65535,255,2
628,28681,460400745,0,3371,5,0,888,494,486,64,255,255
629,28730,460400745,0,4094,5,1,160,65535,94,68,8,255
630,28784,460400745,0,3497,5,0,1486,90,474,64,255,255
631,28815,460400745,10,3746,5,1,65535,40,65535,65535,255,1
632,28864,460400745,0,3917,5,1,162,65535,98,72,6,255
633,28896,460400745,6,3742,5,1,930,65535,65535,65535,255,1
634,28928,460400745,6,3532,5,1,178,65535,65535,65535,255,0
635,28957,460400745,13,3866,6,0,65535,65535,846,65535,255,255
636,28986,460400745,13,2437,6,0,65535,65535,396,65535,255,255
637,29018,460400745,6,3821,6,1,26,65535,65535,65535,255,2
638,29050,460400745,6,3882,6,1,156,65535,65535,65535,255,0
639,29082,460400745,6,4062,6,1,18,65535,65535,65535,255,2
640,29113,460400745,10,2912,6,1,65535,24,65535,65535,255,0
641,29144,460400745,10,4075,6,1,65535,36,65535,65535,255,1
642,29176,460400745,6,2732,6,1,168,65535,65535,65535,255,0
643,29207,460400745,10,3974,6,1,65535,556,65535,65535,255,0
644,29239,460400745,6,3988,6,1,14,65535,65535,65535,255,2
645,29270,460400745,10,3968,6,1,65535,164,65535,65535,255,0
646,29302,460400745,6,3171,6,1,18,65535,65535,65535,255,2
647,29334,460400745,6,3870,6,1,1598,65535,65535,65535,255,0
648,29366,460400745,6,3486,6,1,146,65535,65535,65535,255,2
649,29420,460400745,0,3344,6,0,756,398,424,40,255,255
650,29452,460400745,6,3945,6,1,18,65535,65535,65535,255,2
651,29506,460400745,0,4008,6,0,894,508,454,40,255,255
652,29535,460400745,13,170,6,0,65535,65535,2,65535,255,255
653,29564,460400745,13,3988,6,0,65535,65535,98,65535,255,255
654,29593,460400745,13,2796,6,0,65535,65535,364,65535,255,255
655,29647,460400745,0,2531,6,0,856,536,390,44,255,255
656,29679,460400745,6,3776,6,1,0,65535,65535,65535,255,3
657,29733,460400745,0,2957,6,0,870,478,488,66,255,255
658,29787,460400745,0,3204,6,0,1292,880,482,40,255,255
659,29836,460400745,0,3845,6,1,162,65535,90,66,6,255
660,29865,460400745,13,3651,6,0,65535,65535,534,65535,255,255
661,29914,460400745,0,3957,6,1,196,65535,100,2,16,255
662,29968,460400745,0,1315,6,0,838,476,430,40,255,255
663,30017,460400745,0,3256,6,1,172,65535,92,50,10,255
664,30071,460400745,0,3830,6,0,708,380,392,40,255,255
665,30125,460400745,0,3914,6,0,730,436,388,68,255,255
666,30179,460400745,0,3039,6,0,854,492,446,60,255,255
667,30233,460400745,0,4009,6,0,1042,600,510,38,255,255
668,30282,460400745,0,3149,6,1,162,65535,100,68,8,255
669,30336,460400745,0,3766,6,0,1186,716,568,68,255,255
670,30385,460400745,0,3630,6,1,166,65535,96,42,12,255
671,30434,460400745,0,3995,6,1,172,65535,100,42,10,255
672,30488,460400745,0,3176,6,0,1048,604,514,40,255,255
673,30542,460400745,0,2775,7,0,900,550,422,46,255,255
674,30591,460400745,0,3699,7,1,154,65535,100,66,8,255
675,30640,460400745,0,3925,7,1,150,65535,94,66,10,255
676,30671,460400745,10,3888,7,1,65535,64,65535,65535,255,0
677,30720,460400745,0,4045,7,1,146,65535,110,68,10,255
678,30749,460400745,13,3521,7,0,65535,65535,414,65535,255,255
679,30798,460400745,0,3464,7,1,172,65535,112,42,10,255
680,30830,460400745,6,3194,7,1,12,65535,65535,65535,255,3
681,30861,460400745,10,3853,7,1,65535,114,65535,65535,255,1
682,30890,460400745,13,3631,7,0,65535,65535,102,65535,255,255
683,30939,460400745,0,2145,7,1,154,65535,96,66,10,255
684,30971,460400745,6,2959,7,1,152,65535,65535,65535,255,0
685,31000,460400745,13,1634,7,0,65535,65535,96,65535,255,255
686,31031,460400745,10,3846,7,1,65535,62,65535,65535,255,0
687,31063,460400745,6,1911,7,1,24,65535,65535,65535,255,2
688,31092,460400745,13,2707,7,0,65535,65535,102,65535,255,255
689,31124,460400745,6,3505,7,1,8,65535,65535,65535,255,2
690,31156,460400745,6,2340,7,1,16,65535,65535,65535,255,2
691,31185,460400745,13,3869,7,0,65535,65535,926,65535,255,255
692,31214,460400745,13,3791,7,0,65535,65535,76,65535,255,255
693,31245,460400745,10,3325,7,1,65535,142,65535,65535,255,0
694,31294,460400745,0,3084,7,1,140,65535,78,66,8,255
695,31348,460400745,0,3233,7,0,848,464,480,68,255,255
696,31380,460400745,6,3929,7,1,14,65535,65535,65535,255,2
697,31412,460400745,6,3587,7,1,154,65535,65535,65535,255,0
698,31461,460400745,0,3381,7,1,180,65535,110,40,10,255
699,31510,460400745,0,3420,7,1,158,65535,78,42,8,255
700,31559,460400745,0,2719,7,1,138,65535,76,66,8,255
701,31608,460400745,0,3424,7,1,162,65535,90,76,6,255
702,31657,460400745,0,4065,7,1,156,65535,114,68,10,255
703,31706,460400745,0,3170,7,1,142,65535,100,68,10,255
704,31755,460400745,0,2072,7,1,172,65535,104,42,10,255
705,31809,460400745,0,3850,7,0,1256,840,514,68,255,255
706,31858,460400745,0,2723,7,1,164,65535,86,50,8,255
707,31907,460400745,0,3849,7,1,180,65535,106,48,10,255
708,31961,460400745,0,3161,7,0,1194,798,484,58,255,255
709,32010,460400745,0,3686,1,1,174,65535,108,68,6,255
710,32059,460400745,0,3790,1,1,188,65535,110,46,10,255
711,32113,460400745,0,3858,1,0,1072,692,474,64,255,255
712,32162,460400745,0,3957,1,1,180,65535,110,42,12,255
713,32191,460400745,13,3016,1,0,65535,65535,84,65535,255,255
714,32223,460400745,6,3879,1,1,16,65535,65535,65535,255,2
715,32277,460400745,0,3819,1,0,746,348,490,68,255,255
716,32309,460400745,6,3995,1,1,174,65535,65535,65535,255,0
717,32363,460400745,0,4016,1,0,858,498,456,70,255,255
718,32412,460400745,0,3887,1,1,188,65535,112,44,10,255
719,32444,460400745,6,4022,1,1,164,65535,65535,65535,255,0
720,32473,460400745,13,4048,1,0,65535,65535,106,65535,255,255
721,32527,460400745,0,3727,1,0,1110,668,516,40,255,255
722,32576,460400745,0,3651,1,1,168,65535,114,68,6,255
723,32605,460400745,13,3371,1,0,65535,65535,108,65535,255,255
724,32654,460400745,0,3014,1,1,156,65535,92,66,10,255
725,32708,460400745,0,1151,1,0,894,490,500,68,255,255
726,32757,460400745,0,3394,1,1,144,65535,90,68,10,255
727,32806,460400745,0,3341,1,1,188,65535,118,44,10,255
728,32855,460400745,0,3434,1,1,184,65535,110,42,10,255
729,32909,460400745,0,2678,1,0,904,572,426,66,255,255
730,32958,460400745,0,3614,1,1,184,65535,112,42,10,255
731,33007,460400745,0,3170,1,1,154,65535,110,68,8,255
732,33056,460400745,0,4028,1,1,170,65535,102,46,12,255
733,33105,460400745,0,3463,1,1,162,65535,94,40,10,255
734,33154,460400745,0,3639,1,1,172,65535,100,44,12,255
735,33208,460400745,0,3397,1,0,1204,306,978,52,255,255
736,33257,460400745,0,2833,1,1,156,65535,86,72,6,255
737,33306,460400745,0,2595,1,1,178,65535,118,50,10,255
738,33355,460400745,0,3635,1,1,160,65535,102,70,8,255
739,33404,460400745,0,3565,1,1,164,65535,106,68,8,255
740,33453,460400745,0,3633,1,1,184,65535,112,42,10,255
741,33502,460400745,0,3968,1,1,184,65535,104,46,12,255
742,33551,460400745,0,3467,1,1,150,65535,80,70,6,255
743,33605,460400745,0,3928,1,0,1014,620,490,68,255,255
744,33654,460400745,0,4094,1,1,176,65535,108,72,6,255
745,33703,460400745,0,3957,1,1,182,65535,114,44,10,255
746,33752,460400745,0,2516,1,1,184,65535,106,42,12,255
747,33801,460400745,0,4088,1,1,156,65535,98,76,6,255
748,33850,460400745,0,2977,1,1,166,65535,106,72,8,255
749,33881,460400745,10,3283,1,1,65535,44,65535,65535,255,0
750,33930,460400745,0,3286,1,1,168,65535,96,48,12,255
751,33979,460400745,0,2067,1,1,144,65535,76,68,10,255
752,34008,460400745,13,3777,1,0,65535,65535,104,65535,255,255
753,34057,460400745,0,3779,1,1,152,65535,96,68,10,255
754,34106,460400745,0,3619,1,1,158,65535,92,68,8,255
755,34155,460400745,0,4038,1,1,180,65535,102,42,10,255
756,34187,460400745,6,3669,1,1,160,65535,65535,65535,255,0
757,34241,460400745,0,1385,1,0,972,582,482,62,255,255
758,34270,460400745,13,3905,1,0,65535,65535,102,65535,255,255
759,34299,460400745,13,3658,1,0,65535,65535,104,65535,255,255
760,34348,460400745,0,3369,1,1,164,65535,98,68,10,255
761,34397,460400745,0,4056,1,1,152,65535,102,64,10,255
762,34446,460400745,0,3740,1,1,152,65535,90,64,10,255
763,34477,460400745,10,4000,1,1,65535,60,65535,65535,255,1
764,34509,460400745,6,40,1,1,190,65535,65535,65535,255,1
765,34541,460400745,6,4019,1,1,908,65535,65535,65535,255,1
766,34590,460400745,0,3690,2,1,166,65535,116,68,8,255
767,34639,460400745,0,3080,2,1,162,65535,112,68,10,255
768,34670,460400745,10,3975,2,1,65535,36,65535,65535,255,1
769,34719,460400745,0,2509,2,1,170,65535,128,70,8,255
770,34750,460400745,10,3631,2,1,65535,488,65535,65535,255,0
771,34799,460400745,0,3807,2,1,172,65535,114,70,6,255
772,34853,460400745,0,3698,2,0,750,342,500,68,255,255
773,34884,460400745,10,1213,2,1,65535,134,65535,65535,255,0
774,34913,460400745,13,156,2,0,65535,65535,504,65535,255,255
775,34942,460400745,13,2966,2,0,65535,65535,542,65535,255,255
776,34971,460400745,13,4032,2,0,65535,65535,110,65535,255,255
777,35003,460400745,6,3014,2,1,6,65535,65535,65535,255,2
778,35032,460400745,13,3883,2,0,65535,65535,102,65535,255,255
779,35061,460400745,13,3592,2,0,65535,65535,548,65535,255,255
780,35092,460400745,10,3559,2,1,65535,148,65535,65535,255,0
781,35121,460400745,13,3277,2,0,65535,65535,644,65535,255,255
782,35152,460400745,10,3363,2,1,65535,44,65535,65535,255,1
783,35181,460400745,13,1338,2,0,65535,65535,420,65535,255,255
784,35212,460400745,10,3926,2,1,65535,498,65535,65535,255,0
785,35261,460400745,0,3478,2,1,178,65535,106,42,10,255
786,35310,460400745,0,1508,2,1,168,65535,108,72,4,255
787,35341,460400745,10,4038,2,1,65535,172,65535,65535,255,0
788,35390,460400745,0,4086,2,1,164,65535,106,68,8,255
789,35421,460400745,10,1287,2,1,65535,138,65535,65535,255,0
790,35475,460400745,0,4019,2,0,1018,584,502,40,255,255
791,35524,460400745,0,4017,2,1,166,65535,110,70,8,255
792,35573,460400745,0,3907,2,1,186,65535,106,42,12,255
793,35627,460400745,0,3300,2,0,914,524,488,68,255,255
794,35676,460400745,0,3141,2,1,166,65535,102,68,6,255
795,35725,460400745,0,345,2,1,184,65535,102,42,10,255
796,35779,460400745,0,3264,2,0,852,484,436,42,255,255
797,35833,460400745,0,3794,2,0,796,418,442,40,255,255
798,35882,460400745,0,3063,2,1,184,65535,104,44,12,255
799,35931,460400745,0,2320,2,1,168,65535,114,68,6,255
800,35980,460400745,0,3808,2,1,188,65535,106,58,10,255
801,36034,460400745,0,3533,2,0,1450,8,498,44,255,255
802,36088,460400745,0,3825,2,0,1170,702,566,66,255,255
803,36137,460400745,0,2966,2,1,166,65535,106,70,8,255
804,36166,460400745,13,3785,2,0,65535,65535,102,65535,255,255
805,36215,460400745,0,3650,2,1,168,65535,110,70,6,255
806,36264,460400745,0,2982,2,1,168,65535,102,70,8,255
807,36313,460400745,0,3856,3,1,184,65535,112,44,12,255
808,36362,460400745,0,3738,3,1,168,65535,108,72,8,255
809,36411,460400745,0,3990,3,1,174,65535,110,68,8,255
810,36460,460400745,0,2841,3,1,168,65535,116,70,6,255
811,36509,460400745,0,3395,3,1,176,65535,100,76,10,255
812,36558,460400745,0,2921,3,1,178,65535,112,40,12,255
813,36607,460400745,0,2522,3,1,174,65535,106,72,6,255
814,36656,460400745,0,3361,3,1,162,65535,104,2,16,255
815,36710,460400745,0,3535,3,0,1408,8,484,70,255,255
816,36764,460400745,0,3949,3,0,904,580,418,66,255,255
817,36818,460400745,0,3771,3,0,866,484,448,40,255,255
818,36867,460400745,0,3597,3,1,164,65535,108,68,8,255
819,36916,460400745,0,3765,3,1,164,65535,96,70,8,255
820,36965,460400745,0,4090,3,1,184,65535,120,68,6,255
821,37014,460400745,0,2074,3,1,184,65535,108,46,12,255
822,37063,460400745,0,3995,3,1,166,65535,114,70,8,255
823,37092,460400745,13,3569,3,0,65535,65535,108,65535,255,255
824,37141,460400745,0,2940,3,1,168,65535,106,70,8,255
825,37195,460400745,0,3401,3,0,804,478,420,68,255,255
826,37244,460400745,0,2181,3,1,164,65535,106,68,8,255
827,37293,460400745,0,3010,3,1,166,65535,98,70,10,255
828,37342,460400745,0,2733,3,1,166,65535,100,66,8,255
829,37396,460400745,0,3853,3,0,1462,990,572,64,255,255
830,37428,460400745,6,4090,3,1,32,65535,65535,65535,255,3
831,37477,460400745,0,2078,3,1,410,65535,174,4,0,255
832,37526,460400745,0,4080,3,1,212,65535,96,70,12,255
833,37558,460400745,6,3705,3,1,186,65535,65535,65535,255,1
834,37590,460400745,6,3596,3,1,184,65535,65535,65535,255,1
835,37622,460400745,6,3891,3,1,22,65535,65535,65535,255,2
836,37654,460400745,6,3965,3,1,36,65535,65535,65535,255,2
837,37686,460400745,6,1975,3,1,170,65535,65535,65535,255,0
838,37717,460400745,10,3055,3,1,65535,142,65535,65535,255,0
839,37748,460400745,10,3856,3,1,65535,142,65535,65535,255,0
840,37780,460400745,6,3413,3,1,8,65535,65535,65535,255,2
841,37812,460400745,6,3943,3,1,166,65535,65535,65535,255,0
842,37843,460400745,10,2343,3,1,65535,442,65535,65535,255,0
843,37892,460400745,0,3578,3,1,180,65535,118,66,8,255
844,37921,460400745,13,4094,3,0,65535,65535,468,65535,255,255
845,37953,460400745,6,3805,3,1,16,65535,65535,65535,255,2
846,38002,460400745,0,3831,3,1,170,65535,114,70,8,255
847,38056,460400745,0,3661,3,0,788,414,464,66,255,255
848,38105,460400745,0,1912,3,1,164,65535,104,70,6,255
849,38154,460400745,0,3999,3,1,212,65535,118,50,8,255
850,38203,460400745,0,2760,3,1,166,65535,102,68,6,255
851,38252,460400745,0,3610,3,1,184,65535,108,74,10,255
852,38301,460400745,0,3736,4,1,170,65535,102,70,6,255
853,38350,460400745,0,4090,4,1,162,65535,114,68,6,255
854,38379,460400745,13,2576,4,0,65535,65535,424,65535,255,255
855,38411,460400745,6,3033,4,1,184,65535,65535,65535,255,1
856,38465,460400745,0,3401,4,0,898,496,494,62,255,255
857,38514,460400745,0,2309,4,1,174,65535,104,68,8,255
858,38543,460400745,13,3735,4,0,65535,65535,102,65535,255,255
859,38574,460400745,10,3707,4,1,65535,140,65535,65535,255,1
860,38605,460400745,10,2304,4,1,65535,40,65535,65535,255,1
861,38636,460400745,10,3555,4,1,65535,8,65535,65535,255,0
862,38685,460400745,0,3284,4,1,164,65535,102,70,6,255
863,38716,460400745,10,3199,4,1,65535,40,65535,65535,255,0
864,38748,460400745,6,3852,4,1,766,65535,65535,65535,255,0
865,38777,460400745,13,3065,4,0,65535,65535,538,65535,255,255
866,38826,460400745,0,4058,4,1,166,65535,106,70,6,255
867,38875,460400745,0,3755,4,1,172,65535,124,66,6,255
868,38924,460400745,0,2442,4,1,172,65535,104,70,4,255
869,38973,460400745,0,3087,4,1,166,65535,106,68,8,255
870,39027,460400745,0,3982,4,0,1166,768,496,66,255,255
871,39081,460400745,0,3903,4,0,762,424,410,44,255,255
872,39113,460400745,6,3512,4,1,180,65535,65535,65535,255,1
873,39162,460400745,0,4034,4,1,182,65535,108,44,10,255
874,39216,460400745,0,3414,4,0,982,546,514,48,255,255
875,39265,460400745,0,3777,4,1,176,65535,126,68,8,255
876,39319,460400745,0,4028,4,0,906,536,464,68,255,255
877,39373,460400745,0,3291,4,0,1104,662,540,68,255,255
878,39422,460400745,0,3478,4,1,166,65535,104,68,10,255
879,39471,460400745,0,3763,4,1,116,65535,104,58,16,255
880,39525,460400745,0,3575,4,0,1050,630,518,68,255,255
881,39579,460400745,0,4095,4,0,832,516,412,68,255,255
882,39628,460400745,0,3437,4,1,178,65535,100,40,14,255
883,39682,460400745,0,2884,4,0,2,38,2,34,255,255
884,39714,460400745,6,2367,4,1,24,65535,65535,65535,255,3
885,39746,460400745,6,3831,4,1,502,65535,65535,65535,255,2
886,39795,460400745,0,3768,4,1,162,65535,98,70,8,255
887,39844,460400745,0,3622,4,1,182,65535,110,40,10,255
888,39875,460400745,10,3895,4,1,65535,156,65535,65535,255,0
889,39924,460400745,0,3955,4,1,166,65535,106,68,8,255
890,39978,460400745,0,2016,4,0,936,504,530,68,255,255
891,40027,460400745,0,3827,4,1,164,65535,96,72,8,255
892,40059,460400745,6,4091,4,1,162,65535,65535,65535,255,0
893,40088,460400745,13,3716,4,0,65535,65535,112,65535,255,255
894,40119,460400745,10,3882,4,1,65535,18,65535,65535,255,1
895,40151,460400745,6,3879,4,1,14,65535,65535,65535,255,2
896,40180,460400745,13,4089,4,0,65535,65535,592,65535,255,255
897,40209,460400745,13,1865,4,0,65535,65535,474,65535,255,255
898,40240,460400745,10,3543,4,1,65535,22,65535,65535,255,1
899,40269,460400745,13,3502,4,0,65535,65535,110,65535,255,255
900,40298,460400745,13,3653,5,0,65535,65535,568,65535,255,255
901,40330,460400745,6,3290,5,1,8,65535,65535,65535,255,2
902,40361,460400745,10,2620,5,1,65535,14,65535,65535,255,1
903,40392,460400745,10,3917,5,1,65535,40,65535,65535,255,2
904,40424,460400745,6,3682,5,1,24,65535,65535,65535,255,2
905,40455,460400745,10,3371,5,1,65535,54,65535,65535,255,2
906,40486,460400745,10,3995,5,1,65535,44,65535,65535,255,0
907,40535,460400745,0,2816,5,1,160,65535,94,70,6,255
908,40567,460400745,6,3724,5,1,172,65535,65535,65535,255,0
909,40616,460400745,0,3626,5,1,166,65535,110,68,6,255
910,40665,460400745,0,4062,5,1,164,65535,98,70,10,255
911,40697,460400745,6,2741,5,1,28,65535,65535,65535,255,2
912,40751,460400745,0,66,5,0,788,464,402,54,255,255
913,40800,460400745,0,2216,5,1,174,65535,94,44,12,255
914,40854,460400745,0,4050,5,0,1670,192,532,42,255,255
915,40908,460400745,0,3885,5,0,1190,650,634,66,255,255
916,40962,460400745,0,3131,5,0,1094,650,518,44,255,255
917,41011,460400745,0,3892,5,1,180,65535,102,46,12,255
918,41060,460400745,0,3976,5,1,160,65535,100,68,8,255
919,41091,460400745,10,3470,5,1,65535,44,65535,65535,255,1
920,41145,460400745,0,2586,5,0,916,532,476,62,255,255
921,41199,460400745,0,3208,5,0,902,528,466,66,255,255
922,41248,460400745,0,4072,5,1,174,65535,98,44,12,255
923,41297,460400745,0,4038,5,1,164,65535,96,70,8,255
924,41351,460400745,0,4089,5,0,946,512,528,68,255,255
925,41400,460400745,0,3924,5,1,188,65535,120,40,8,255
926,41454,460400745,0,3631,5,0,820,468,450,70,255,255
927,41483,460400745,13,3143,5,0,65535,65535,522,65535,255,255
928,41537,460400745,0,3440,5,0,894,498,494,70,255,255
929,41591,460400745,0,3950,5,0,814,442,440,44,255,255
930,41645,460400745,0,1460,5,0,768,348,512,68,255,255
931,41694,460400745,0,3980,5,1,160,65535,92,70,6,255
932,41743,460400745,0,3100,5,1,172,65535,104,72,6,255
933,41797,460400745,0,3811,5,0,1088,622,562,68,255,255
934,41851,460400745,0,3876,5,0,824,476,444,70,255,255
935,41882,460400745,10,3664,5,1,65535,138,65535,65535,255,1
936,41913,460400745,10,3578,5,1,65535,48,65535,65535,255,1
937,41967,460400745,0,3997,5,0,1158,638,590,42,255,255
938,42021,460400745,0,3467,5,0,1030,568,532,42,255,255
939,42050,460400745,13,3994,5,0,65535,65535,14,65535,255,255
940,42081,460400745,10,3676,5,1,65535,44,65535,65535,255,1
941,42110,460400745,13,3967,5,0,65535,65535,414,65535,255,255
942,42141,460400745,10,4073,5,1,65535,48,65535,65535,255,1
943,42170,460400745,13,3907,6,0,65535,65535,488,65535,255,255
944,42199,460400745,13,3841,6,0,65535,65535,502,65535,255,255
945,42231,460400745,6,3650,6,1,916,65535,65535,65535,255,0
946,42263,460400745,6,2968,6,1,4,65535,65535,65535,255,2
947,42292,460400745,13,2752,6,0,65535,65535,576,65535,255,255
948,42323,460400745,10,3507,6,1,65535,38,65535,65535,255,1
949,42352,460400745,13,4076,6,0,65535,65535,520,65535,255,255
950,42381,460400745,13,3669,6,0,65535,65535,86,65535,255,255
951,42435,460400745,0,1851,6,0,856,500,446,64,255,255
952,42467,460400745,6,2950,6,1,160,65535,65535,65535,255,0
953,42498,460400745,10,3547,6,1,65535,526,65535,65535,255,3
954,42529,460400745,10,4025,6,1,65535,152,65535,65535,255,0
955,42560,460400745,10,3631,6,1,65535,156,65535,65535,255,0
956,42609,460400745,0,3323,6,1,174,65535,110,42,10,255
957,42640,460400745,10,1774,6,1,65535,40,65535,65535,255,1
958,42689,460400745,0,3607,6,1,170,65535,88,50,10,255
959,42718,460400745,13,86,6,0,65535,65535,480,65535,255,255
960,42772,460400745,0,2096,6,0,910,568,440,68,255,255
961,42801,460400745,13,4067,6,0,65535,65535,462,65535,255,255
962,42850,460400745,0,4030,6,1,178,65535,100,44,12,255
963,42904,460400745,0,3310,6,0,898,522,446,42,255,255
964,42933,460400745,13,3801,6,0,65535,65535,254,65535,255,255
965,42964,460400745,10,2310,6,1,65535,128,65535,65535,255,0
966,43018,460400745,0,885,6,0,1084,608,566,62,255,255
967,43072,460400745,0,4025,6,0,966,560,474,40,255,255
968,43126,460400745,0,4048,6,0,1012,620,488,68,255,255
969,43180,460400745,0,4021,6,0,778,456,414,68,255,255
970,43234,460400745,0,3639,6,0,886,498,452,38,255,255
971,43288,460400745,0,3823,6,0,870,488,446,40,255,255
972,43342,460400745,0,2453,6,0,740,444,390,70,255,255
973,43391,460400745,0,1349,6,1,162,65535,94,68,8,255
974,43423,460400745,6,2899,7,1,40,65535,65535,65535,255,3
975,43472,460400745,0,3881,7,1,154,65535,94,66,6,255
976,43504,460400745,6,3125,7,1,12,65535,65535,65535,255,3
977,43535,460400745,10,3683,7,1,65535,132,65535,65535,255,0
978,43584,460400745,0,439,7,1,150,65535,88,66,8,255
979,43613,460400745,13,3666,7,0,65535,65535,98,65535,255,255
980,43667,460400745,0,20,7,0,926,524,496,66,255,255
981,43698,460400745,10,3232,7,1,65535,156,65535,65535,255,0
982,43729,460400745,10,3627,7,1,65535,8,65535,65535,255,1
983,43760,460400745,10,3580,7,1,65535,50,65535,65535,255,0
984,43789,460400745,13,3839,7,0,65535,65535,100,65535,255,255
985,43818,460400745,13,3378,7,0,65535,65535,360,65535,255,255
986,43847,460400745,13,3639,7,0,65535,65535,440,65535,255,255
987,43876,460400745,13,778,7,0,65535,65535,104,65535,255,255
988,43908,460400745,6,3313,7,1,8,65535,65535,65535,255,2
989,43940,460400745,6,4053,7,1,26,65535,65535,65535,255,3
990,43969,460400745,13,3143,7,0,65535,65535,148,65535,255,255
991,44000,460400745,10,3137,7,1,65535,38,65535,65535,255,1
992,44029,460400745,13,2789,7,0,65535,65535,88,65535,255,255
993,44060,460400745,10,4040,7,1,65535,42,65535,65535,255,1
994,44109,460400745,0,2747,7,1,158,65535,82,46,8,255
995,44140,460400745,10,4019,7,1,65535,46,65535,65535,255,0
996,44189,460400745,0,3058,7,1,158,65535,96,68,8,255
997,44238,460400745,0,3638,7,1,156,65535,106,66,8,255
998,44287,460400745,0,2618,7,1,150,65535,100,68,8,255
999,44336,460400745,0,3862,7,1,150,65535,100,66,8,255
1000,44385,460400745,0,3320,7,1,156,65535,96,66,8,255
1001,44434,460400745,0,3943,7,1,150,65535,100,66,10,255
1002,44483,460400745,0,3904,7,1,154,65535,86,68,8,255
1003,44532,460400745,0,4090,1,1,148,65535,96,66,12,255
1004,44581,460400745,0,4013,1,1,178,65535,118,44,10,255
1005,44612,460400745,10,4072,1,1,65535,46,65535,65535,255,0
1006,44661,460400745,0,4090,1,1,192,65535,116,54,10,255
1007,44693,460400745,6,3842,1,1,54,65535,65535,65535,255,3
1008,44742,460400745,0,4090,1,1,172,65535,116,68,8,255
1009,44774,460400745,6,3956,1,1,166,65535,65535,65535,255,0
1010,44806,460400745,6,3226,1,1,168,65535,65535,65535,255,0
1011,44855,460400745,0,2902,1,1,188,65535,120,40,10,255
1012,44884,460400745,13,2753,1,0,65535,65535,114,65535,255,255
1013,44916,460400745,6,4072,1,1,184,65535,65535,65535,255,0
1014,44965,460400745,0,3863,1,1,168,65535,106,68,6,255
1015,45014,460400745,0,3946,1,1,168,65535,104,72,8,255
1016,45045,460400745,10,3936,1,1,65535,136,65535,65535,255,0
1017,45094,460400745,0,3955,1,1,166,65535,104,40,10,255
1018,45123,460400745,13,2650,1,0,65535,65535,96,65535,255,255
1019,45155,460400745,6,2875,1,1,184,65535,65535,65535,255,1
1020,45204,460400745,0,3956,1,1,152,65535,98,66,10,255
1021,45253,460400745,0,2962,1,1,180,65535,116,42,12,255
1022,45302,460400745,0,3526,1,1,156,65535,100,74,8,255
1023,45356,460400745,0,3598,1,0,1270,870,476,44,255,255
1024,45410,460400745,0,3044,1,0,798,458,434,68,255,255
1025,45464,460400745,0,3920,1,0,732,408,420,68,255,255
1026,45518,460400745,0,3280,1,0,978,540,534,68,255,255
1027,45567,460400745,0,3773,1,1,172,65535,94,44,10,255
1028,45616,460400745,0,4037,1,1,154,65535,108,66,8,255
1029,45645,460400745,13,3438,1,0,65535,65535,120,65535,255,255
1030,45694,460400745,0,3348,1,1,146,65535,106,68,8,255
1031,45743,460400745,0,3752,1,1,178,65535,104,44,10,255
1032,45792,460400745,0,4091,1,1,150,65535,104,66,10,255
1033,45841,460400745,0,621,1,1,150,65535,98,66,10,255
1034,45890,460400745,0,3774,1,1,148,65535,94,66,12,255
1035,45919,460400745,13,3215,1,0,65535,65535,114,65535,255,255
1036,45973,460400745,0,3597,1,0,802,468,430,70,255,255
1037,46027,460400745,0,2547,1,0,828,478,448,70,255,255
1038,46076,460400745,0,2989,1,1,168,65535,110,72,6,255
1039,46125,460400745,0,3943,1,1,156,65535,100,66,8,255
1040,46179,460400745,0,3525,1,0,866,496,436,38,255,255
1041,46228,460400745,0,3049,1,1,166,65535,98,42,14,255
1042,46260,460400745,6,4022,1,1,166,65535,65535,65535,255,0
1043,46289,460400745,13,3741,1,0,65535,65535,112,65535,255,255
1044,46318,460400745,13,3539,1,0,65535,65535,88,65535,255,255
1045,46367,460400745,0,3047,1,1,158,65535,106,72,8,255
1046,46416,460400745,0,4014,1,1,156,65535,98,38,12,255
1047,46470,460400745,0,3531,1,0,832,488,436,64,255,255
1048,46502,460400745,6,3801,1,1,742,65535,65535,65535,255,0
1049,46534,460400745,6,4028,1,1,498,65535,65535,65535,255,2
1050,46563,460400745,13,3933,1,0,65535,65535,286,65535,255,255
1051,46592,460400745,13,3611,1,0,65535,65535,96,65535,255,255
1052,46646,460400745,0,3974,1,0,830,516,410,70,255,255
1053,46675,460400745,13,3882,1,0,65535,65535,108,65535,255,255
1054,46724,460400745,0,3930,1,1,154,65535,92,66,8,255
1055,46756,460400745,6,3998,1,1,8,65535,65535,65535,255,2
1056,46788,460400745,6,2820,1,1,14,65535,65535,65535,255,2
1057,46817,460400745,13,2702,1,0,65535,65535,114,65535,255,255
1058,46848,460400745,10,3522,2,1,65535,148,65535,65535,255,0
1059,46879,460400745,10,2219,2,1,65535,148,65535,65535,255,0
1060,46911,460400745,6,1903,2,1,182,65535,65535,65535,255,1
1061,46940,460400745,13,3132,2,0,65535,65535,104,65535,255,255
1062,46972,460400745,6,3887,2,1,842,65535,65535,65535,255,0
1063,47021,460400745,0,3953,2,1,170,65535,110,70,8,255
1064,47050,460400745,13,4024,2,0,65535,65535,104,65535,255,255
1065,47081,460400745,10,2710,2,1,65535,26,65535,65535,255,1
1066,47113,460400745,6,3953,2,1,8,65535,65535,65535,255,2
1067,47142,460400745,13,3784,2,0,65535,65535,410,65535,255,255
1068,47171,460400745,13,4026,2,0,65535,65535,628,65535,255,255
1069,47202,460400745,10,3910,2,1,65535,132,65535,65535,255,1
1070,47231,460400745,13,3921,2,0,65535,65535,102,65535,255,255
1071,47263,460400745,6,3990,2,1,170,65535,65535,65535,255,0
1072,47292,460400745,13,430,2,0,65535,65535,580,65535,255,255
1073,47321,460400745,13,3054,2,0,65535,65535,112,65535,255,255
1074,47370,460400745,0,3853,2,1,168,65535,108,72,6,255
1075,47402,460400745,6,3351,2,1,174,65535,65535,65535,255,1
1076,47456,460400745,0,3439,2,0,768,424,412,42,255,255
1077,47505,460400745,0,3933,2,1,164,65535,100,70,6,255
1078,47554,460400745,0,3344,2,1,180,65535,106,46,14,255
1079,47603,460400745,0,3542,2,1,174,65535,108,70,6,255
1080,47652,460400745,0,3916,2,1,182,65535,106,42,12,255
1081,47706,460400745,0,3852,2,0,868,492,470,66,255,255
1082,47755,460400745,0,3557,2,1,166,65535,106,70,6,255
1083,47804,460400745,0,4058,2,1,168,65535,114,70,8,255
1084,47853,460400745,0,3116,2,1,172,65535,106,68,8,255
1085,47882,460400745,13,3426,2,0,65535,65535,96,65535,255,255
1086,47913,460400745,10,3627,2,1,65535,138,65535,65535,255,0
1087,47942,460400745,13,2075,2,0,65535,65535,100,65535,255,255
1088,47974,460400745,6,3028,2,1,168,65535,65535,65535,255,0
1089,48023,460400745,0,3615,2,1,168,65535,102,68,8,255
1090,48072,460400745,0,3112,2,1,174,65535,100,44,12,255
1091,48101,460400745,13,4029,3,0,65535,65535,122,65535,255,255
1092,48155,460400745,0,867,3,0,1052,680,476,70,255,255
1093,48204,460400745,0,3383,3,1,168,65535,104,70,6,255
1094,48253,460400745,0,1924,3,1,164,65535,104,68,8,255
1095,48302,460400745,0,4007,3,1,168,65535,106,68,8,255
1096,48351,460400745,0,3180,3,1,164,65535,106,68,8,255
1097,48400,460400745,0,3647,3,1,164,65535,108,70,8,255
1098,48449,460400745,0,3570,3,1,180,65535,114,44,10,255
1099,48498,460400745,0,3947,3,1,250,65535,174,40,6,255
1100,48547,460400745,0,3950,3,1,120,65535,54,66,12,255
1101,48596,460400745,0,3785,3,1,180,65535,106,44,10,255
1102,48645,460400745,0,3603,3,1,186,65535,120,42,10,255
1103,48694,460400745,0,3789,3,1,168,65535,100,70,8,255
1104,48723,460400745,13,3755,3,0,65535,65535,98,65535,255,255
1105,48772,460400745,0,1186,3,1,166,65535,102,68,8,255
1106,48801,460400745,13,3000,3,0,65535,65535,108,65535,255,255
1107,48832,460400745,10,3620,3,1,65535,154,65535,65535,255,0
1108,48881,460400745,0,3450,3,1,182,65535,108,46,10,255
1109,48930,460400745,0,4046,3,1,168,65535,110,70,8,255
1110,48979,460400745,0,3650,3,1,158,65535,106,70,6,255
1111,49028,460400745,0,3658,3,1,240,65535,102,40,10,255
1112,49082,460400745,0,3775,3,0,1184,754,500,40,255,255
1113,49131,460400745,0,3573,3,1,166,65535,106,70,6,255
1114,49160,460400745,13,3971,3,0,65535,65535,496,65535,255,255
1115,49192,460400745,6,3495,3,1,962,65535,65535,65535,255,0
1116,49221,460400745,13,2497,3,0,65535,65535,110,65535,255,255
1117,49253,460400745,6,2976,3,1,858,65535,65535,65535,255,0
1118,49285,460400745,6,2757,3,1,20,65535,65535,65535,255,2
1119,49314,460400745,13,3771,3,0,65535,65535,110,65535,255,255
1120,49345,460400745,10,2698,3,1,65535,126,65535,65535,255,1
1121,49394,460400745,0,4054,3,1,176,65535,106,70,6,255
1122,49425,460400745,10,2678,3,1,65535,120,65535,65535,255,1
1123,49457,460400745,6,2695,3,1,18,65535,65535,65535,255,2
1124,49488,460400745,10,3555,3,1,65535,126,65535,65535,255,1
1125,49520,460400745,6,3432,3,1,32,65535,65535,65535,255,3
1126,49549,460400745,13,2888,3,0,65535,65535,110,65535,255,255
1127,49598,460400745,0,3671,3,1,176,65535,120,66,6,255
1128,49652,460400745,0,3119,3,0,788,486,394,66,255,255
1129,49701,460400745,0,3969,3,1,186,65535,106,54,10,255
1130,49750,460400745,0,4032,4,1,158,65535,108,68,8,255
1131,49781,460400745,10,3188,4,1,65535,130,65535,65535,255,1
1132,49813,460400745,6,4086,4,1,6,65535,65535,65535,255,2
1133,49862,460400745,0,3762,4,1,384,65535,388,62,6,255
1134,49891,460400745,13,3557,4,0,65535,65535,488,65535,255,255
1135,49920,460400745,13,3787,4,0,65535,65535,462,65535,255,255
1136,49949,460400745,13,3766,4,0,65535,65535,100,65535,255,255
1137,49978,460400745,13,3578,4,0,65535,65535,282,65535,255,255
1138,50010,460400745,6,2939,4,1,162,65535,65535,65535,255,0
1139,50059,460400745,0,3105,4,1,164,65535,100,70,6,255
1140,50091,460400745,6,4085,4,1,178,65535,65535,65535,255,1
1141,50120,460400745,13,3925,4,0,65535,65535,550,65535,255,255
1142,50149,460400745,13,3980,4,0,65535,65535,104,65535,255,255
1143,50181,460400745,6,3197,4,1,54,65535,65535,65535,255,3
1144,50212,460400745,10,2476,4,1,65535,72,65535,65535,255,1
1145,50261,460400745,0,2586,4,1,168,65535,106,74,6,255
1146,50315,460400745,0,3488,4,0,1016,632,480,66,255,255
1147,50369,460400745,0,4046,4,0,1734,94,718,66,255,255
1148,50418,460400745,0,4028,4,1,168,65535,104,72,8,255
1149,50447,460400745,13,3833,4,0,65535,65535,120,65535,255,255
1150,50501,460400745,0,3116,4,0,946,550,492,68,255,255
1151,50555,460400745,0,3684,4,0,842,454,482,66,255,255
1152,50609,460400745,0,3867,4,0,900,528,466,66,255,255
1153,50663,460400745,0,4085,4,0,878,492,482,68,255,255
1154,50717,460400745,0,2592,4,0,1264,832,530,66,255,255
1155,50771,460400745,0,3522,4,0,796,460,432,70,255,255
1156,50820,460400745,0,3802,4,1,192,65535,122,44,10,255
1157,50874,460400745,0,3753,4,0,780,468,408,70,255,255
1158,50923,460400745,0,2828,4,1,168,65535,112,68,6,255
1159,50972,460400745,0,3658,4,1,156,65535,94,70,8,255
1160,51026,460400745,0,3987,4,0,922,518,502,70,255,255
1161,51058,460400745,6,3882,4,1,968,65535,65535,65535,255,0
1162,51087,460400745,13,3915,4,0,65535,65535,442,65535,255,255
1163,51141,460400745,0,4052,4,0,1050,638,510,66,255,255
1164,51195,460400745,0,3736,4,0,1568,120,530,70,255,255
1165,51227,460400745,6,2779,4,1,572,65535,65535,65535,255,2
1166,51281,460400745,0,3753,4,0,816,440,442,42,255,255
1167,51330,460400745,0,4046,4,1,162,65535,104,68,6,255
1168,51361,460400745,10,1702,4,1,65535,662,65535,65535,255,0
1169,51393,460400745,6,3682,4,1,198,65535,65535,65535,255,0
1170,51425,460400745,6,3771,4,1,164,65535,65535,65535,255,0
1171,51454,460400745,13,3918,4,0,65535,65535,746,65535,255,255
1172,51485,460400745,10,3588,4,1,65535,128,65535,65535,255,1
1173,51516,460400745,10,2490,5,1,65535,38,65535,65535,255,1
1174,51545,460400745,13,2190,5,0,65535,65535,506,65535,255,255
1175,51577,460400745,6,3981,5,1,26,65535,65535,65535,255,3
1176,51608,460400745,10,3598,5,1,65535,28,65535,65535,255,1
1177,51640,460400745,6,3968,5,1,800,65535,65535,65535,255,0
1178,51689,460400745,0,2487,5,1,166,65535,102,70,10,255
1179,51721,460400745,6,3028,5,1,746,65535,65535,65535,255,1
1180,51775,460400745,0,4075,5,0,884,530,448,68,255,255
1181,51829,460400745,0,3890,5,0,980,562,488,40,255,255
1182,51858,460400745,13,3241,5,0,65535,65535,476,65535,255,255
1183,51889,460400745,10,3938,5,1,65535,512,65535,65535,255,1
1184,51938,460400745,0,3894,5,1,174,65535,106,68,8,255
1185,51987,460400745,0,3679,5,1,164,65535,100,70,10,255
1186,52041,460400745,0,3932,5,0,1788,832,38,70,255,255
1187,52095,460400745,0,2025,5,0,1600,172,484,44,255,255
1188,52144,460400745,0,789,5,1,162,65535,100,68,6,255
1189,52176,460400745,6,3913,5,1,160,65535,65535,65535,255,0
1190,52207,460400745,10,4043,5,1,65535,30,65535,65535,255,2
1191,52256,460400745,0,3339,5,1,166,65535,102,70,8,255
1192,52310,460400745,0,3100,5,0,712,386,390,40,255,255
1193,52359,460400745,0,3877,5,1,162,65535,92,72,6,255
1194,52413,460400745,0,3714,5,0,778,454,418,68,255,255
1195,52462,460400745,0,2400,5,1,166,65535,100,66,8,255
1196,52511,460400745,0,3947,5,1,166,65535,98,70,8,255
1197,52560,460400745,0,3998,5,1,172,65535,102,68,4,255
1198,52591,460400745,10,3860,5,1,65535,52,65535,65535,255,1
1199,52622,460400745,10,3869,5,1,65535,40,65535,65535,255,2
1200,52671,460400745,0,3976,5,1,164,65535,98,76,6,255
1201,52725,460400745,0,3986,5,0,1194,714,550,42,255,255
1202,52779,460400745,0,1900,5,0,942,544,490,66,255,255
1203,52833,460400745,0,2785,5,0,1714,280,488,42,255,255
1204,52882,460400745,0,3736,5,1,164,65535,102,68,8,255
1205,52936,460400745,0,3863,5,0,1264,822,540,68,255,255
1206,52965,460400745,13,1955,5,0,65535,65535,92,65535,255,255
1207,52996,460400745,10,3766,5,1,65535,36,65535,65535,255,1
1208,53045,460400745,0,3485,5,1,198,65535,96,68,12,255
1209,53099,460400745,0,3718,5,0,716,324,484,66,255,255
1210,53130,460400745,10,3781,5,1,65535,38,65535,65535,255,1
1211,53162,460400745,6,453,5,1,906,65535,65535,65535,255,0
1212,53193,460400745,10,3722,5,1,65535,34,65535,65535,255,2
1213,53224,460400745,10,3899,6,1,65535,42,65535,65535,255,1
1214,53256,460400745,6,4080,6,1,886,65535,65535,65535,255,1
1215,53288,460400745,6,3047,6,1,46,65535,65535,65535,255,3
1216,53320,460400745,6,3432,6,1,606,65535,65535,65535,255,2
1217,53351,460400745,10,3659,6,1,65535,76,65535,65535,255,1
1218,53383,460400745,6,3090,6,1,746,65535,65535,65535,255,2
1219,53414,460400745,10,2544,6,1,65535,44,65535,65535,255,0
1220,53443,460400745,13,4051,6,0,65535,65535,40,65535,255,255
1221,53475,460400745,6,4050,6,1,836,65535,65535,65535,255,0
1222,53504,460400745,13,3710,6,0,65535,65535,498,65535,255,255
1223,53535,460400745,10,3722,6,1,65535,62,65535,65535,255,0
1224,53564,460400745,13,2135,6,0,65535,65535,494,65535,255,255
1225,53618,460400745,0,3861,6,0,1228,864,466,70,255,255
1226,53650,460400745,6,1847,6,1,822,65535,65535,65535,255,1
1227,53704,460400745,0,3068,6,0,934,504,500,42,255,255
1228,53733,460400745,13,3637,6,0,65535,65535,714,65535,255,255
1229,53765,460400745,6,3781,6,1,980,65535,65535,65535,255,1
1230,53797,460400745,6,1836,6,1,796,65535,65535,65535,255,1
1231,53851,460400745,0,3868,6,0,908,562,444,70,255,255
1232,53900,460400745,0,2706,6,1,168,65535,90,46,10,255
1233,53954,460400745,0,3357,6,0,974,572,496,66,255,255
1234,54008,460400745,0,3265,6,0,1638,236,458,44,255,255
1235,54039,460400745,10,3265,6,1,65535,152,65535,65535,255,0
1236,54068,460400745,13,3945,6,0,65535,65535,838,65535,255,255
1237,54122,460400745,0,2426,6,0,982,562,518,68,255,255
1238,54176,460400745,0,4006,6,0,834,458,442,42,255,255
1239,54207,460400745,10,3049,7,1,65535,142,65535,65535,255,0
1240,54256,460400745,0,4060,7,1,150,65535,96,68,8,255
1241,54287,460400745,10,3875,7,1,65535,58,65535,65535,255,0
1242,54316,460400745,13,4034,7,0,65535,65535,440,65535,255,255
1243,54365,460400745,0,3388,7,1,174,65535,98,52,10,255
1244,54394,460400745,13,4083,7,0,65535,65535,76,65535,255,255
1245,54426,460400745,6,3476,7,1,24,65535,65535,65535,255,2
1246,54457,460400745,10,3452,7,1,65535,116,65535,65535,255,1
1247,54486,460400745,13,3666,7,0,65535,65535,96,65535,255,255
1248,54515,460400745,13,3840,7,0,65535,65535,500,65535,255,255
1249,54547,460400745,6,3896,7,1,1236,65535,65535,65535,255,2
1250,54576,460400745,13,4079,7,0,65535,65535,100,65535,255,255
1251,54607,460400745,10,114,7,1,65535,42,65535,65535,255,1
1252,54639,460400745,6,3801,7,1,144,65535,65535,65535,255,0
1253,54671,460400745,6,3996,7,1,154,65535,65535,65535,255,0
1254,54700,460400745,13,3850,7,0,65535,65535,490,65535,255,255
1255,54732,460400745,6,3967,7,1,158,65535,65535,65535,255,0
1256,54761,460400745,13,3626,7,0,65535,65535,412,65535,255,255
1257,54790,460400745,13,4080,7,0,65535,65535,100,65535,255,255
1258,54822,460400745,6,3279,7,1,156,65535,65535,65535,255,0
1259,54851,460400745,13,3793,7,0,65535,65535,224,65535,255,255
1260,54900,460400745,0,3811,7,1,150,65535,110,68,10,255
1261,54949,460400745,0,1717,7,1,154,65535,106,66,8,255
1262,54980,460400745,10,3969,7,1,65535,128,65535,65535,255,1
1263,55029,460400745,0,2086,7,1,168,65535,110,40,10,255
1264,55058,460400745,13,3668,1,0,65535,65535,110,65535,255,255
1265,55112,460400745,0,3576,1,0,760,450,404,68,255,255
1266,55141,460400745,13,3194,1,0,65535,65535,110,65535,255,255
1267,55190,460400745,0,2002,1,1,186,65535,110,44,12,255
1268,55219,460400745,13,3457,1,0,65535,65535,630,65535,255,255
1269,55268,460400745,0,3071,1,1,194,65535,110,50,10,255
1270,55297,460400745,13,3547,1,0,65535,65535,104,65535,255,255
1271,55328,460400745,10,345,1,1,65535,18,65535,65535,255,1
1272,55382,460400745,0,2248,1,0,992,664,430,68,255,255
1273,55413,460400745,10,2606,1,1,65535,130,65535,65535,255,1
1274,55444,460400745,10,2370,1,1,65535,148,65535,65535,255,0
1275,55493,460400745,0,3445,1,1,164,65535,90,76,8,255
1276,55524,460400745,10,2933,1,1,65535,150,65535,65535,255,0
1277,55573,460400745,0,4087,1,1,140,65535,76,66,10,255
1278,55602,460400745,13,3586,1,0,65535,65535,110,65535,255,255
1279,55634,460400745,6,4067,1,1,1484,65535,65535,65535,255,0
1280,55683,460400745,0,4072,1,1,162,65535,104,66,8,255
1281,55732,460400745,0,3446,1,1,172,65535,102,68,8,255
1282,55781,460400745,0,3766,1,1,130,65535,80,66,10,255
1283,55830,460400745,0,3640,1,1,166,65535,104,40,10,255
1284,55879,460400745,0,3734,1,1,160,65535,100,40,12,255
1285,55928,460400745,0,3315,1,1,146,65535,106,70,12,255
1286,55957,460400745,13,2828,1,0,65535,65535,110,65535,255,255
1287,56011,460400745,0,3801,1,0,862,538,418,66,255,255
1288,56060,460400745,0,2985,1,1,172,65535,112,44,12,255
1289,56091,460400745,10,3824,1,1,65535,114,65535,65535,255,1
1290,56140,460400745,0,2574,1,1,156,65535,102,66,6,255
1291,56189,460400745,0,3855,1,1,152,65535,100,66,8,255
1292,56238,460400745,0,3511,1,1,154,65535,90,68,6,255
1293,56287,460400745,0,3655,1,1,156,65535,82,76,6,255
1294,56336,460400745,0,3336,1,1,192,65535,112,2,16,255
1295,56367,460400745,10,3673,1,1,65535,156,65535,65535,255,0
1296,56416,460400745,0,2964,1,1,164,65535,94,70,8,255
1297,56470,460400745,0,3700,1,0,952,590,458,68,255,255
1298,56519,460400745,0,1929,1,1,144,65535,92,66,12,255
1299,56568,460400745,0,3811,1,1,150,65535,104,66,8,255
1300,56617,460400745,0,1942,1,1,218,65535,146,70,4,255
1301,56666,460400745,0,4037,1,1,158,65535,98,66,10,255
1302,56695,460400745,13,1949,1,0,65535,65535,118,65535,255,255
1303,56726,460400745,10,3118,1,1,65535,134,65535,65535,255,1
1304,56755,460400745,13,3976,1,0,65535,65535,386,65535,255,255
1305,56804,460400745,0,1818,1,1,160,65535,104,66,6,255
1306,56836,460400745,6,3370,1,1,902,65535,65535,65535,255,0
1307,56890,460400745,0,1179,1,0,944,558,456,42,255,255
1308,56919,460400745,13,4088,1,0,65535,65535,100,65535,255,255
1309,56948,460400745,13,4021,1,0,65535,65535,100,65535,255,255
1310,56997,460400745,0,3995,1,1,152,65535,104,66,10,255
1311,57028,460400745,10,4078,1,1,65535,126,65535,65535,255,1
1312,57077,460400745,0,3661,1,1,162,65535,104,66,8,255
1313,57106,460400745,13,235,1,0,65535,65535,94,65535,255,255
1314,57138,460400745,6,3949,1,1,38,65535,65535,65535,255,3
1315,57170,460400745,6,2705,2,1,194,65535,65535,65535,255,1
1316,57199,460400745,13,1827,2,0,65535,65535,468,65535,255,255
1317,57230,460400745,10,3950,2,1,65535,156,65535,65535,255,0
1318,57261,460400745,10,3271,2,1,65535,130,65535,65535,255,1
1319,57290,460400745,13,4049,2,0,65535,65535,110,65535,255,255
1320,57339,460400745,0,3629,2,1,180,65535,106,42,10,255
1321,57370,460400745,10,2188,2,1,65535,142,65535,65535,255,0
1322,57399,460400745,13,3038,2,0,65535,65535,102,65535,255,255
1323,57431,460400745,6,1587,2,1,30,65535,65535,65535,255,3
1324,57463,460400745,6,3244,2,1,184,65535,65535,65535,255,1
1325,57495,460400745,6,4024,2,1,162,65535,65535,65535,255,0
1326,57527,460400745,6,3765,2,1,156,65535,65535,65535,255,0
1327,57558,460400745,10,3666,2,1,65535,28,65535,65535,255,1
1328,57607,460400745,0,1818,2,1,170,65535,118,68,8,255
1329,57636,460400745,13,2502,2,0,65535,65535,104,65535,255,255
1330,57667,460400745,10,3944,2,1,65535,202,65535,65535,255,3
1331,57716,460400745,0,2349,2,1,162,65535,98,68,8,255
1332,57765,460400745,0,3204,2,1,184,65535,112,42,12,255
1333,57819,460400745,0,3794,2,0,1098,626,568,68,255,255
1334,57868,460400745,0,3339,2,1,168,65535,104,70,10,255
1335,57917,460400745,0,3944,2,1,166,65535,114,68,6,255
1336,57966,460400745,0,3648,2,1,158,65535,96,68,8,255
1337,58020,460400745,0,3695,2,0,926,514,482,42,255,255
1338,58069,460400745,0,3756,2,1,164,65535,96,72,8,255
1339,58100,460400745,10,3759,2,1,65535,152,65535,65535,255,0
1340,58129,460400745,13,3902,2,0,65535,65535,104,65535,255,255
1341,58161,460400745,6,3456,2,1,166,65535,65535,65535,255,0
1342,58192,460400745,10,3660,2,1,65535,586,65535,65535,255,1
1343,58221,460400745,13,2267,2,0,65535,65535,102,65535,255,255
1344,58270,460400745,0,3587,2,1,170,65535,106,68,10,255
1345,58299,460400745,13,3854,3,0,65535,65535,108,65535,255,255
1346,58348,460400745,0,2915,3,1,178,65535,104,44,12,255
1347,58402,460400745,0,3978,3,0,794,446,438,66,255,255
1348,58451,460400745,0,2524,3,1,166,65535,98,70,8,255
1349,58500,460400745,0,4088,3,1,170,65535,106,70,8,255
1350,58549,460400745,0,3275,3,1,164,65535,104,70,8,255
1351,58598,460400745,0,3730,3,1,178,65535,106,46,8,255
1352,58652,460400745,0,3932,3,0,872,506,458,66,255,255
1353,58701,460400745,0,2484,3,1,176,65535,112,66,10,255
1354,58750,460400745,0,3455,3,1,180,65535,102,50,10,255
1355,58804,460400745,0,3562,3,0,946,536,506,68,255,255
1356,58836,460400745,6,3675,3,1,182,65535,65535,65535,255,1
1357,58885,460400745,0,1860,3,1,182,65535,116,40,8,255
1358,58914,460400745,13,4018,3,0,65535,65535,536,65535,255,255
1359,58963,460400745,0,1770,3,1,168,65535,108,68,8,255
1360,58994,460400745,10,4001,3,1,65535,50,65535,65535,255,0
1361,59026,460400745,6,3765,3,1,188,65535,65535,65535,255,1
1362,59075,460400745,0,3888,3,1,162,65535,100,70,8,255
1363,59124,460400745,0,3479,3,1,172,65535,106,74,4,255
1364,59173,460400745,0,3920,3,1,168,65535,106,68,6,255
1365,59222,460400745,0,3693,3,1,184,65535,100,70,10,255
1366,59251,460400745,13,3807,3,0,65535,65535,108,65535,255,255
1367,59283,460400745,6,2223,3,1,1886,65535,65535,65535,255,2
1368,59315,460400745,6,2261,3,1,12,65535,65535,65535,255,2
1369,59346,460400745,10,3963,3,1,65535,44,65535,65535,255,1
1370,59378,460400745,6,3049,3,1,180,65535,65535,65535,255,1
1371,59409,460400745,10,3706,3,1,65535,148,65535,65535,255,0
1372,59440,460400745,10,3835,3,1,65535,140,65535,65535,255,1
1373,59469,460400745,13,3758,3,0,65535,65535,102,65535,255,255
1374,59501,460400745,6,4088,3,1,72,65535,65535,65535,255,2
1375,59533,460400745,6,3422,3,1,168,65535,65535,65535,255,0
1376,59565,460400745,6,2745,3,1,806,65535,65535,65535,255,1
1377,59594,460400745,13,3573,3,0,65535,65535,446,65535,255,255
1378,59623,460400745,13,4079,3,0,65535,65535,106,65535,255,255
1379,59652,460400745,13,2452,3,0,65535,65535,102,65535,255,255
1380,59706,460400745,0,4082,3,0,750,408,410,42,255,255
1381,59760,460400745,0,4075,3,0,770,452,414,70,255,255
1382,59791,460400745,10,3302,4,1,65535,18,65535,65535,255,3
1383,59823,460400745,6,3575,4,1,42,65535,65535,65535,255,2
1384,59852,460400745,13,3832,4,0,65535,65535,110,65535,255,255
1385,59884,460400745,6,3444,4,1,178,65535,65535,65535,255,1
1386,59913,460400745,13,3818,4,0,65535,65535,100,65535,255,255
1387,59942,460400745,13,3876,4,0,65535,65535,518,65535,255,255
1388,59971,460400745,13,2702,4,0,65535,65535,496,65535,255,255
1389,60003,460400745,6,3898,4,1,168,65535,65535,65535,255,0
1390,60052,460400745,0,3757,4,1,164,65535,102,68,8,255
1391,60083,460400745,10,3980,4,1,65535,154,65535,65535,255,0
1392,60114,460400745,10,3364,4,1,65535,520,65535,65535,255,0
1393,60146,460400745,6,2343,4,1,178,65535,65535,65535,255,1
1394,60175,460400745,13,3653,4,0,65535,65535,484,65535,255,255
1395,60204,460400745,13,3133,4,0,65535,65535,114,65535,255,255
1396,60253,460400745,0,3564,4,1,164,65535,110,68,8,255
1397,60302,460400745,0,3495,4,1,162,65535,102,70,8,255
1398,60356,460400745,0,1990,4,0,860,482,474,70,255,255
1399,60405,460400745,0,3002,4,1,180,65535,104,42,12,255
1400,60434,460400745,13,3698,4,0,65535,65535,104,65535,255,255
1401,60488,460400745,0,3285,4,0,1340,840,572,42,255,255
1402,60517,460400745,13,2365,4,0,65535,65535,110,65535,255,255
1403,60548,460400745,10,3342,4,1,65535,16,65535,65535,255,1
1404,60597,460400745,0,840,4,1,176,65535,100,44,12,255
1405,60651,460400745,0,3746,4,0,838,472,460,68,255,255
1406,60705,460400745,0,3880,4,0,782,442,406,42,255,255
1407,60754,460400745,0,2663,4,1,172,65535,104,70,6,255
1408,60808,460400745,0,3334,4,0,862,502,452,66,255,255
1409,60862,460400745,0,3175,4,0,1662,212,526,66,255,255
1410,60893,460400745,10,2902,4,1,65535,558,65535,65535,255,1
1411,60922,460400745,13,3705,4,0,65535,65535,686,65535,255,255
1412,60953,460400745,10,1842,4,1,65535,632,65535,65535,255,0
1413,60982,460400745,13,3717,4,0,65535,65535,548,65535,255,255
1414,61031,460400745,0,2898,4,1,182,65535,102,42,14,255
1415,61080,460400745,0,3855,4,1,174,65535,98,74,6,255
1416,61112,460400745,6,3740,4,1,166,65535,65535,65535,255,0
1417,61166,460400745,0,3268,4,0,1186,800,486,70,255,255
1418,61215,460400745,0,3670,4,1,168,65535,106,68,8,255
1419,61244,460400745,13,2663,4,0,65535,65535,424,65535,255,255
1420,61276,460400745,6,3945,4,1,12,65535,65535,65535,255,2
1421,61305,460400745,13,3470,5,0,65535,65535,490,65535,255,255
1422,61334,460400745,13,2834,5,0,65535,65535,108,65535,255,255
1423,61365,460400745,10,2074,5,1,65535,478,65535,65535,255,1
1424,61396,460400745,10,2984,5,1,65535,58,65535,65535,255,0
1425,61428,460400745,6,2460,5,1,848,65535,65535,65535,255,0
1426,61482,460400745,0,3922,5,0,936,526,506,68,255,255
1427,61536,460400745,0,4067,5,0,862,556,402,70,255,255
1428,61565,460400745,13,3836,5,0,65535,65535,474,65535,255,255
1429,61596,460400745,10,2265,5,1,65535,0,65535,65535,255,1
1430,61628,460400745,6,3519,5,1,162,65535,65535,65535,255,0
1431,61677,460400745,0,3538,5,1,162,65535,96,70,8,255
1432,61731,460400745,0,4066,5,0,758,454,396,68,255,255
1433,61785,460400745,0,3764,5,0,998,550,544,70,255,255
1434,61816,460400745,10,3389,5,1,65535,60,65535,65535,255,0
1435,61847,460400745,10,3853,5,1,65535,48,65535,65535,255,0
1436,61879,460400745,6,3307,5,1,726,65535,65535,65535,255,0
1437,61933,460400745,0,3564,5,0,806,472,428,68,255,255
1438,61982,460400745,0,3923,5,1,174,65535,96,40,12,255
1439,62036,460400745,0,3900,5,0,1050,542,580,44,255,255
1440,62085,460400745,0,3953,5,1,160,65535,98,68,8,255
1441,62134,460400745,0,3673,5,1,164,65535,100,72,8,255
1442,62183,460400745,0,3197,5,1,166,65535,102,68,8,255
1443,62237,460400745,0,4059,5,0,1228,776,548,66,255,255
1444,62266,460400745,13,2722,5,0,65535,65535,488,65535,255,255
1445,62298,460400745,6,3172,5,1,190,65535,65535,65535,255,0
1446,62347,460400745,0,481,5,1,168,65535,104,66,8,255
1447,62401,460400745,0,3997,5,0,856,542,404,66,255,255
1448,62450,460400745,0,3679,5,1,166,65535,98,74,8,255
1449,62499,460400745,0,3212,5,1,164,65535,94,70,6,255
1450,62553,460400745,0,3894,5,0,882,478,500,68,255,255
1451,62582,460400745,13,3790,5,0,65535,65535,526,65535,255,255
1452,62611,460400745,13,3712,5,0,65535,65535,714,65535,255,255
1453,62643,460400745,6,3399,5,1,28,65535,65535,65535,255,3
1454,62692,460400745,0,3887,5,1,170,65535,98,80,8,255
1455,62724,460400745,6,3894,5,1,26,65535,65535,65535,255,2
1456,62755,460400745,10,2890,5,1,65535,470,65535,65535,255,0
1457,62784,460400745,13,4039,5,0,65535,65535,96,65535,255,255
1458,62816,460400745,6,3077,6,1,1338,65535,65535,65535,255,1
1459,62847,460400745,10,3110,6,1,65535,56,65535,65535,255,2
1460,62879,460400745,6,3325,6,1,46,65535,65535,65535,255,3
1461,62908,460400745,13,2794,6,0,65535,65535,478,65535,255,255
1462,62937,460400745,13,3313,6,0,65535,65535,488,65535,255,255
1463,62969,460400745,6,3943,6,1,32,65535,65535,65535,255,2
1464,62998,460400745,13,3865,6,0,65535,65535,420,65535,255,255
1465,63027,460400745,13,3025,6,0,65535,65535,440,65535,255,255
1466,63056,460400745,13,3920,6,0,65535,65535,450,65535,255,255
1467,63110,460400745,0,4013,6,0,838,476,458,68,255,255
1468,63141,460400745,10,3229,6,1,65535,152,65535,65535,255,0
1469,63195,460400745,0,3799,6,0,882,544,434,70,255,255
1470,63226,460400745,10,3693,6,1,65535,48,65535,65535,255,0
1471,63255,460400745,13,2517,6,0,65535,65535,530,65535,255,255
1472,63286,460400745,10,3970,6,1,65535,114,65535,65535,255,1
1473,63340,460400745,0,3416,6,0,788,444,416,46,255,255
1474,63394,460400745,0,3687,6,0,918,498,490,38,255,255
1475,63448,460400745,0,3734,6,0,1340,938,504,68,255,255
1476,63502,460400745,0,3944,6,0,832,494,400,36,255,255
1477,63533,460400745,10,3607,6,1,65535,58,65535,65535,255,1
1478,63565,460400745,6,3999,6,1,748,65535,65535,65535,255,1
1479,63619,460400745,0,3075,6,0,900,504,468,42,255,255
1480,63648,460400745,13,809,6,0,65535,65535,510,65535,255,255
1481,63679,460400745,10,3859,7,1,65535,380,65535,65535,255,0
1482,63708,460400745,13,2888,7,0,65535,65535,102,65535,255,255
1483,63739,460400745,10,3001,7,1,65535,594,65535,65535,255,0
1484,63768,460400745,13,3797,7,0,65535,65535,426,65535,255,255
1485,63800,460400745,6,3659,7,1,38,65535,65535,65535,255,2
1486,63829,460400745,13,3846,7,0,65535,65535,408,65535,255,255
1487,63858,460400745,13,4059,7,0,65535,65535,568,65535,255,255
1488,63889,460400745,10,3991,7,1,65535,148,65535,65535,255,0
1489,63918,460400745,13,3972,7,0,65535,65535,104,65535,255,255
1490,63950,460400745,6,3175,7,1,22,65535,65535,65535,255,2
1491,63982,460400745,6,3392,7,1,250,65535,65535,65535,255,2
1492,64014,460400745,6,3115,7,1,150,65535,65535,65535,255,0
1493,64043,460400745,13,3946,7,0,65535,65535,442,65535,255,255
1494,64072,460400745,13,2607,7,0,65535,65535,490,65535,255,255
1495,64103,460400745,10,3792,7,1,65535,126,65535,65535,255,0
1496,64134,460400745,10,3466,7,1,65535,486,65535,65535,255,0
1497,64166,460400745,6,3954,7,1,32,65535,65535,65535,255,3
1498,64198,460400745,6,3700,7,1,12,65535,65535,65535,255,0
1499,64229,460400745,10,3611,7,1,65535,54,65535,65535,255,0
1500,64260,460400745,10,3151,7,1,65535,130,65535,65535,255,0
1501,64289,460400745,13,4004,7,0,65535,65535,98,65535,255,255
1502,64338,460400745,0,2337,7,1,144,65535,92,66,8,255
1503,64367,460400745,13,3209,1,0,65535,65535,112,65535,255,255
1504,64396,460400745,13,3963,1,0,65535,65535,118,65535,255,255
1505,64425,460400745,13,2151,1,0,65535,65535,106,65535,255,255
1506,64457,460400745,6,4071,1,1,184,65535,65535,65535,255,1
1507,64506,460400745,0,3118,1,1,152,65535,98,68,10,255
1508,64538,460400745,6,3691,1,1,30,65535,65535,65535,255,2
1509,64567,460400745,13,3087,1,0,65535,65535,124,65535,255,255
1510,64596,460400745,13,3655,1,0,65535,65535,106,65535,255,255
1511,64627,460400745,10,3807,1,1,65535,158,65535,65535,255,0
1512,64658,460400745,10,3353,1,1,65535,82,65535,65535,255,2
1513,64690,460400745,6,3782,1,1,560,65535,65535,65535,255,2
1514,64721,460400745,10,3679,1,1,65535,24,65535,65535,255,1
1515,64775,460400745,0,3189,1,0,774,444,424,68,255,255
1516,64806,460400745,10,4092,1,1,65535,146,65535,65535,255,0
1517,64835,460400745,13,4005,1,0,65535,65535,100,65535,255,255
1518,64884,460400745,0,3953,1,1,144,65535,98,66,10,255
1519,64938,460400745,0,3262,1,0,706,404,388,62,255,255
1520,64967,460400745,13,3920,1,0,65535,65535,620,65535,255,255
1521,65016,460400745,0,4036,1,1,142,65535,102,68,16,255
1522,65065,460400745,0,3790,1,1,346,65535,98,56,8,255
1523,65114,460400745,0,3860,1,1,168,65535,100,42,12,255
1524,65146,460400745,6,2677,1,1,186,65535,65535,65535,255,1
1525,65175,460400745,13,3103,1,0,65535,65535,538,65535,255,255
1526,65206,460400745,10,3532,1,1,65535,146,65535,65535,255,0
1527,65237,460400745,10,3952,1,1,65535,122,65535,65535,255,1
1528,65266,460400745,13,3565,1,0,65535,65535,106,65535,255,255
1529,65320,460400745,0,3653,1,0,866,528,430,66,255,255
1530,65374,460400745,0,2428,1,0,798,448,418,42,255,255
1531,65423,460400745,0,3541,1,1,154,65535,94,68,10,255
1532,65477,460400745,0,1722,1,0,958,536,516,66,255,255
1533,65508,460400745,10,1980,1,1,65535,148,65535,65535,255,0
1534,65557,460400745,0,3965,1,1,144,65535,88,66,8,255
1535,65611,460400745,0,4054,1,0,730,382,440,66,255,255
1536,65660,460400745,0,3890,1,1,144,65535,82,68,10,255
1537,65709,460400745,0,3940,1,1,150,65535,90,66,8,255
1538,65740,460400745,10,2639,1,1,65535,154,65535,65535,255,0
1539,65769,460400745,13,3410,1,0,65535,65535,102,65535,255,255
1540,65798,460400745,13,2950,1,0,65535,65535,114,65535,255,255
1541,65827,460400745,13,3502,1,0,65535,65535,108,65535,255,255
1542,65856,460400745,13,3479,1,0,65535,65535,94,65535,255,255
1543,65905,460400745,0,3673,1,1,164,65535,104,42,12,255
1544,65936,460400745,10,3645,1,1,65535,142,65535,65535,255,0
1545,65965,460400745,13,4076,1,0,65535,65535,466,65535,255,255
1546,65994,460400745,13,2163,1,0,65535,65535,488,65535,255,255
1547,66026,460400745,6,4093,1,1,58,65535,65535,65535,255,2
1548,66080,460400745,0,3306,1,0,1100,758,438,62,255,255
1549,66112,460400745,6,3842,1,1,826,65535,65535,65535,255,0
1550,66143,460400745,10,3232,1,1,65535,150,65535,65535,255,1
1551,66174,460400745,10,3389,1,1,65535,148,65535,65535,255,0
1552,66203,460400745,13,4016,1,0,65535,65535,102,65535,255,255
1553,66232,460400745,13,3519,2,0,65535,65535,652,65535,255,255
1554,66263,460400745,10,3700,2,1,65535,52,65535,65535,255,0
1555,66295,460400745,6,3834,2,1,180,65535,65535,65535,255,1
1556,66324,460400745,13,3136,2,0,65535,65535,108,65535,255,255
1557,66373,460400745,0,2795,2,1,168,65535,108,70,6,255
1558,66404,460400745,10,3779,2,1,65535,26,65535,65535,255,3
1559,66435,460400745,10,3515,2,1,65535,152,65535,65535,255,0
1560,66466,460400745,10,2656,2,1,65535,142,65535,65535,255,0
1561,66497,460400745,10,3367,2,1,65535,34,65535,65535,255,1
1562,66529,460400745,6,3847,2,1,164,65535,65535,65535,255,0
1563,66558,460400745,13,3689,2,0,65535,65535,728,65535,255,255
1564,66607,460400745,0,3842,2,1,140,65535,74,70,8,255
1565,66639,460400745,6,3544,2,1,172,65535,65535,65535,255,0
1566,66670,460400745,10,3766,2,1,65535,144,65535,65535,255,0
1567,66719,460400745,0,3317,2,1,166,65535,106,68,8,255
1568,66773,460400745,0,4064,2,0,1116,686,524,62,255,255
1569,66802,460400745,13,3891,2,0,65535,65535,110,65535,255,255
1570,66851,460400745,0,2976,2,1,168,65535,112,68,6,255
1571,66900,460400745,0,4018,2,1,186,65535,106,42,10,255
1572,66949,460400745,0,2388,2,1,182,65535,106,48,10,255
1573,66981,460400745,6,3927,2,1,12,65535,65535,65535,255,2
1574,67030,460400745,0,2553,2,1,176,65535,110,70,8,255
1575,67061,460400745,10,2676,2,1,65535,144,65535,65535,255,0
1576,67090,460400745,13,4026,2,0,65535,65535,104,65535,255,255
1577,67122,460400745,6,3479,2,1,168,65535,65535,65535,255,0
1578,67154,460400745,6,4006,2,1,52,65535,65535,65535,255,1
1579,67183,460400745,13,3645,2,0,65535,65535,104,65535,255,255
1580,67215,460400745,6,3915,2,1,1454,65535,65535,65535,255,1
1581,67246,460400745,10,3921,3,1,65535,50,65535,65535,255,0
1582,67295,460400745,0,4017,3,1,170,65535,120,68,8,255
1583,67344,460400745,0,3484,3,1,158,65535,90,66,6,255
1584,67398,460400745,0,3321,3,0,710,302,470,38,255,255
1585,67447,460400745,0,3740,3,1,164,65535,112,72,6,255
1586,67501,460400745,0,2726,3,0,1206,734,572,68,255,255
1587,67550,460400745,0,3053,3,1,164,65535,112,68,6,255
1588,67599,460400745,0,1055,3,1,162,65535,104,68,8,255
1589,67648,460400745,0,2883,3,1,184,65535,100,42,12,255
1590,67697,460400745,0,3776,3,1,170,65535,112,68,8,255
1591,67746,460400745,0,3746,3,1,186,65535,110,42,10,255
1592,67777,460400745,10,3551,3,1,65535,152,65535,65535,255,0
1593,67826,460400745,0,3679,3,1,164,65535,98,68,8,255
1594,67858,460400745,6,4064,3,1,164,65535,65535,65535,255,0
1595,67907,460400745,0,2807,3,1,178,65535,110,44,10,255
1596,67938,460400745,10,3587,3,1,65535,134,65535,65535,255,1
1597,67970,460400745,6,3966,3,1,174,65535,65535,65535,255,1
1598,68001,460400745,10,2904,3,1,65535,70,65535,65535,255,0
1599,68033,460400745,6,4011,3,1,1764,65535,65535,65535,255,2
1600,68065,460400745,6,3954,3,1,24,65535,65535,65535,255,3
1601,68114,460400745,0,3869,3,1,166,65535,102,68,8,255
1602,68145,460400745,10,4006,3,1,65535,24,65535,65535,255,0
1603,68176,460400745,10,2905,3,1,65535,138,65535,65535,255,0
1604,68208,460400745,6,3715,3,1,168,65535,65535,65535,255,0
1605,68240,460400745,6,3662,3,1,170,65535,65535,65535,255,0
1606,68269,460400745,13,3835,3,0,65535,65535,484,65535,255,255
1607,68300,460400745,10,4003,3,1,65535,136,65535,65535,255,0
1608,68332,460400745,6,3097,3,1,164,65535,65535,65535,255,0
1609,68363,460400745,10,3779,3,1,65535,20,65535,65535,255,1
1610,68392,460400745,13,3563,3,0,65535,65535,542,65535,255,255
1611,68421,460400745,13,3633,3,0,65535,65535,98,65535,255,255
1612,68450,460400745,13,2658,3,0,65535,65535,102,65535,255,255
1613,68479,460400745,13,3810,3,0,65535,65535,514,65535,255,255
1614,68508,460400745,13,3187,3,0,65535,65535,108,65535,255,255
1615,68539,460400745,10,3747,3,1,65535,138,65535,65535,255,0
1616,68588,460400745,0,1604,3,1,172,65535,112,66,6,255
1617,68617,460400745,13,3960,4,0,65535,65535,110,65535,255,255
1618,68646,460400745,13,3691,4,0,65535,65535,756,65535,255,255
1619,68678,460400745,6,3056,4,1,12,65535,65535,65535,255,2
1620,68709,460400745,10,2416,4,1,65535,30,65535,65535,255,1
1621,68763,460400745,0,4079,4,0,950,540,506,70,255,255
1622,68792,460400745,13,3598,4,0,65535,65535,102,65535,255,255
1623,68824,460400745,6,4021,4,1,166,65535,65535,65535,255,0
1624,68856,460400745,6,3713,4,1,182,65535,65535,65535,255,1
1625,68887,460400745,10,1808,4,1,65535,130,65535,65535,255,0
1626,68916,460400745,13,3821,4,0,65535,65535,566,65535,255,255
1627,68965,460400745,0,2835,4,1,174,65535,104,74,6,255
1628,69014,460400745,0,2101,4,1,166,65535,172,68,8,255
1629,69068,460400745,0,3787,4,0,1010,576,502,40,255,255
1630,69117,460400745,0,3359,4,1,164,65535,106,66,8,255
1631,69149,460400745,6,3825,4,1,172,65535,65535,65535,255,0
1632,69203,460400745,0,2348,4,0,798,488,402,66,255,255
1633,69232,460400745,13,3733,4,0,65535,65535,958,65535,255,255
1634,69263,460400745,10,4078,4,1,65535,152,65535,65535,255,0
1635,69317,460400745,0,1724,4,0,820,484,432,68,255,255
1636,69371,460400745,0,3738,4,0,1154,444,778,42,255,255
1637,69403,460400745,6,3071,4,1,166,65535,65535,65535,255,0
1638,69457,460400745,0,3652,4,0,770,370,498,72,255,255
1639,69506,460400745,0,3589,4,1,166,65535,98,70,8,255
1640,69555,460400745,0,3853,4,1,172,65535,106,68,8,255
1641,69586,460400745,10,3703,4,1,65535,44,65535,65535,255,1
1642,69617,460400745,10,2199,4,1,65535,146,65535,65535,255,0
1643,69648,460400745,10,3409,4,1,65535,564,65535,65535,255,0
1644,69679,460400745,10,3159,4,1,65535,46,65535,65535,255,1
1645,69710,460400745,10,3366,4,1,65535,812,65535,65535,255,1
1646,69742,460400745,6,3762,4,1,46,65535,65535,65535,255,3
1647,69771,460400745,13,4025,4,0,65535,65535,102,65535,255,255
1648,69803,460400745,6,3484,4,1,76,65535,65535,65535,255,2
1649,69835,460400745,6,2038,4,1,40,65535,65535,65535,255,2
1650,69866,460400745,10,2803,4,1,65535,134,65535,65535,255,1
1651,69898,460400745,6,3532,4,1,12,65535,65535,65535,255,2
1652,69927,460400745,13,3750,5,0,65535,65535,94,65535,255,255
1653,69956,460400745,13,3963,5,0,65535,65535,90,65535,255,255
1654,69988,460400745,6,3676,5,1,22,65535,65535,65535,255,2
1655,70019,460400745,10,890,5,1,65535,26,65535,65535,255,2
1656,70073,460400745,0,3873,5,0,898,494,498,64,255,255
1657,70102,460400745,13,4010,5,0,65535,65535,418,65535,255,255
1658,70133,460400745,10,3492,5,1,65535,166,65535,65535,255,0
1659,70164,460400745,10,3893,5,1,65535,26,65535,65535,255,1
1660,70195,460400745,10,3608,5,1,65535,32,65535,65535,255,1
1661,70244,460400745,0,3618,5,1,162,65535,100,70,8,255
1662,70273,460400745,13,2716,5,0,65535,65535,88,65535,255,255
1663,70305,460400745,6,3328,5,1,1164,65535,65535,65535,255,0
1664,70336,460400745,10,3888,5,1,65535,40,65535,65535,255,2
1665,70368,460400745,6,2597,5,1,164,65535,65535,65535,255,0
1666,70399,460400745,10,3483,5,1,65535,44,65535,65535,255,1
1667,70448,460400745,0,2731,5,1,166,65535,92,88,6,255
1668,70502,460400745,0,3961,5,0,1122,610,584,44,255,255
1669,70556,460400745,0,3966,5,0,1236,858,474,66,255,255
1670,70605,460400745,0,4086,5,1,370,65535,314,68,2,255
1671,70659,460400745,0,3841,5,0,768,428,406,42,255,255
1672,70708,460400745,0,3677,5,1,184,65535,106,44,10,255
1673,70737,460400745,13,3785,5,0,65535,65535,14,65535,255,255
1674,70769,460400745,6,3836,5,1,164,65535,65535,65535,255,1
1675,70798,460400745,13,3758,5,0,65535,65535,104,65535,255,255
1676,70852,460400745,0,4053,5,0,800,464,434,70,255,255
1677,70901,460400745,0,3299,5,1,180,65535,102,42,12,255
1678,70933,460400745,6,3953,5,1,26,65535,65535,65535,255,3
1679,70982,460400745,0,2499,5,1,162,65535,100,70,6,255
1680,71011,460400745,13,3831,5,0,65535,65535,84,65535,255,255
1681,71042,460400745,10,3781,5,1,65535,112,65535,65535,255,0
1682,71073,460400745,10,3707,5,1,65535,40,65535,65535,255,1
1683,71122,460400745,0,3507,5,1,162,65535,94,70,6,255
1684,71153,460400745,10,3659,5,1,65535,34,65535,65535,255,3
1685,71182,460400745,13,3404,5,0,65535,65535,524,65535,255,255
1686,71214,460400745,6,1306,5,1,28,65535,65535,65535,255,3
1687,71243,460400745,13,3412,6,0,65535,65535,470,65535,255,255
1688,71275,460400745,6,3341,6,1,22,65535,65535,65535,255,2
1689,71304,460400745,13,4071,6,0,65535,65535,510,65535,255,255
1690,71333,460400745,13,2817,6,0,65535,65535,606,65535,255,255
1691,71364,460400745,10,3708,6,1,65535,36,65535,65535,255,0
1692,71393,460400745,13,3376,6,0,65535,65535,404,65535,255,255
1693,71425,460400745,6,3934,6,1,32,65535,65535,65535,255,2
1694,71479,460400745,0,4055,6,0,722,436,378,68,255,255
1695,71508,460400745,13,1877,6,0,65535,65535,604,65535,255,255
1696,71540,460400745,6,3668,6,1,40,65535,65535,65535,255,2
1697,71569,460400745,13,2821,6,0,65535,65535,464,65535,255,255
1698,71598,460400745,13,3982,6,0,65535,65535,448,65535,255,255
1699,71629,460400745,10,3626,6,1,65535,232,65535,65535,255,2
1700,71683,460400745,0,3230,6,0,950,534,512,68,255,255
1701,71737,460400745,0,3936,6,0,832,486,440,68,255,255
1702,71791,460400745,0,3750,6,0,1034,630,478,44,255,255
1703,71840,460400745,0,4038,6,1,190,65535,96,44,10,255
1704,71869,460400745,13,3924,6,0,65535,65535,482,65535,255,255
1705,71900,460400745,10,3444,6,1,65535,46,65535,65535,255,1
1706,71949,460400745,0,3303,6,1,192,65535,110,44,0,255
1707,71980,460400745,10,2804,6,1,65535,546,65535,65535,255,0
1708,72009,460400745,13,2368,7,0,65535,65535,108,65535,255,255
1709,72041,460400745,6,3560,7,1,970,65535,65535,65535,255,1
1710,72072,460400745,10,2630,7,1,65535,40,65535,65535,255,0
1711,72101,460400745,13,3588,7,0,65535,65535,454,65535,255,255
1712,72133,460400745,6,3134,7,1,40,65535,65535,65535,255,3
1713,72165,460400745,6,3961,7,1,1688,65535,65535,65535,255,0
1714,72196,460400745,10,3432,7,1,65535,424,65535,65535,255,0
1715,72227,460400745,10,4033,7,1,65535,140,65535,65535,255,0
1716,72256,460400745,13,4048,7,0,65535,65535,490,65535,255,255
1717,72287,460400745,10,3610,7,1,65535,140,65535,65535,255,0
1718,72316,460400745,13,3133,7,0,65535,65535,86,65535,255,255
1719,72345,460400745,13,4007,7,0,65535,65535,92,65535,255,255
1720,72376,460400745,10,143,7,1,65535,144,65535,65535,255,0
1721,72407,460400745,10,2540,7,1,65535,152,65535,65535,255,0
1722,72436,460400745,13,3794,7,0,65535,65535,4,65535,255,255
1723,72468,460400745,6,3976,7,1,46,65535,65535,65535,255,3
1724,72500,460400745,6,3486,7,1,150,65535,65535,65535,255,0
1725,72531,460400745,10,3869,7,1,65535,30,65535,65535,255,0
1726,72560,460400745,13,4056,7,0,65535,65535,86,65535,255,255
1727,72609,460400745,0,4077,7,1,154,65535,106,68,10,255
1728,72638,460400745,13,3876,1,0,65535,65535,104,65535,255,255
1729,72667,460400745,13,3715,1,0,65535,65535,112,65535,255,255
1730,72698,460400745,10,3455,1,1,65535,140,65535,65535,255,0
1731,72739,460400745,4,3520,1,1,172,65535,462,65535,255,0
1732,72768,460400745,13,3871,1,0,65535,65535,472,65535,255,255
1733,72797,460400745,13,3959,1,0,65535,65535,116,65535,255,255
1734,72828,460400745,10,4055,1,1,65535,534,65535,65535,255,1
1735,72859,460400745,10,2049,1,1,65535,136,65535,65535,255,0
1736,72890,460400745,10,2348,1,1,65535,624,65535,65535,255,0
1737,72921,460400745,10,1963,1,1,65535,44,65535,65535,255,2
1738,72952,460400745,10,3753,1,1,65535,138,65535,65535,255,0
1739,72981,460400745,13,2395,1,0,65535,65535,118,65535,255,255
1740,73030,460400745,0,3908,1,1,176,65535,102,48,10,255
1741,73062,460400745,6,756,1,1,204,65535,65535,65535,255,2
1742,73091,460400745,13,2471,1,0,65535,65535,608,65535,255,255
1743,73140,460400745,0,3659,1,1,138,65535,74,68,10,255
1744,73189,460400745,0,3761,1,1,170,65535,92,60,10,255
1745,73238,460400745,0,3902,1,1,148,65535,90,68,6,255
1746,73267,460400745,13,4032,1,0,65535,65535,114,65535,255,255
1747,73316,460400745,0,3963,1,1,162,65535,88,46,12,255
1748,73348,460400745,6,3972,1,1,148,65535,65535,65535,255,0
1749,73379,460400745,10,3925,1,1,65535,150,65535,65535,255,0
1750,73408,460400745,13,4011,1,0,65535,65535,460,65535,255,255
1751,73440,460400745,6,4005,1,1,0,65535,65535,65535,255,2
1752,73472,460400745,6,3161,1,1,32,65535,65535,65535,255,3
1753,73521,460400745,0,4023,1,1,158,65535,104,68,6,255
1754,73552,460400745,12,4001,1,1,65535,65535,520,65535,255,1
1755,73584,460400745,6,3603,1,1,168,65535,65535,65535,255,0
1756,73613,460400745,13,2404,1,0,65535,65535,346,65535,255,255
1757,73642,460400745,13,3850,1,0,65535,65535,440,65535,255,255
1758,73696,460400745,0,3955,1,0,786,464,418,70,255,255
1759,73745,460400745,0,1945,1,1,194,65535,100,50,10,255
1760,73799,460400745,0,3622,1,0,914,564,446,68,255,255
1761,73831,460400745,6,3847,1,1,1006,65535,65535,65535,255,0
1762,73863,460400745,6,4059,1,1,1382,65535,65535,65535,255,0
1763,73894,460400745,10,3441,1,1,65535,570,65535,65535,255,0
1764,73925,460400745,10,4061,1,1,65535,130,65535,65535,255,0
1765,73957,460400745,6,4074,1,1,200,65535,65535,65535,255,2
1766,73988,460400745,10,3628,1,1,65535,154,65535,65535,255,0
1767,74017,460400745,13,4012,1,0,65535,65535,560,65535,255,255
1768,74046,460400745,13,2202,1,0,65535,65535,100,65535,255,255
1769,74077,460400745,10,3893,1,1,65535,124,65535,65535,255,0
1770,74126,460400745,0,3880,1,1,160,65535,104,38,10,255
1771,74158,460400745,6,3690,1,1,152,65535,65535,65535,255,0
1772,74190,460400745,6,3670,2,1,182,65535,65535,65535,255,1
1773,74219,460400745,13,3405,2,0,65535,65535,106,65535,255,255
1774,74251,460400745,6,3702,2,1,46,65535,65535,65535,255,3
1775,74282,460400745,10,3444,2,1,65535,152,65535,65535,255,0
1776,74313,460400745,10,3887,2,1,65535,142,65535,65535,255,0
1777,74345,460400745,6,3994,2,1,36,65535,65535,65535,255,2
1778,74374,460400745,13,3750,2,0,65535,65535,132,65535,255,255
1779,74403,460400745,13,3542,2,0,65535,65535,108,65535,255,255
1780,74435,460400745,6,3984,2,1,16,65535,65535,65535,255,2
1781,74464,460400745,13,3986,2,0,65535,65535,112,65535,255,255
1782,74493,460400745,13,4079,2,0,65535,65535,106,65535,255,255
1783,74525,460400745,6,2688,2,1,174,65535,65535,65535,255,0
1784,74556,460400745,10,3321,2,1,65535,144,65535,65535,255,1
1785,74585,460400745,13,2006,2,0,65535,65535,520,65535,255,255
1786,74634,460400745,0,3550,2,1,180,65535,110,48,10,255
1787,74683,460400745,0,2897,2,1,176,65535,102,46,10,255
1788,74712,460400745,13,2661,2,0,65535,65535,472,65535,255,255
1789,74766,460400745,0,3653,2,0,700,64,728,68,255,255
1790,74820,460400745,0,3399,2,0,1952,198,790,24,255,255
1791,74869,460400745,0,3445,2,1,166,65535,102,70,8,255
1792,74901,460400745,6,3335,2,1,166,65535,65535,65535,255,0
1793,74950,460400745,0,3134,2,1,168,65535,100,72,8,255
1794,74982,460400745,6,3153,2,1,178,65535,65535,65535,255,0
1795,75014,460400745,6,2653,2,1,864,65535,65535,65535,255,0
1796,75046,460400745,6,3915,2,1,184,65535,65535,65535,255,1
1797,75078,460400745,6,4094,2,1,186,65535,65535,65535,255,1
1798,75107,460400745,13,3863,2,0,65535,65535,110,65535,255,255
1799,75139,460400745,6,3929,2,1,182,65535,65535,65535,255,1
1800,75168,460400745,13,3913,3,0,65535,65535,578,65535,255,255
1801,75217,460400745,0,3221,3,1,164,65535,106,70,8,255
1802,75249,460400745,6,3019,3,1,0,65535,65535,65535,255,2
1803,75298,460400745,0,3989,3,1,166,65535,110,70,6,255
1804,75347,460400745,0,3563,3,1,190,65535,106,72,10,255
1805,75396,460400745,0,1629,3,1,164,65535,108,68,6,255
1806,75445,460400745,0,3552,3,1,168,65535,100,72,8,255
1807,75494,460400745,0,3265,3,1,168,65535,112,72,8,255
1808,75523,460400745,13,3322,3,0,65535,65535,522,65535,255,255
1809,75572,460400745,0,3289,3,1,170,65535,108,70,8,255
1810,75603,460400745,10,3805,3,1,65535,8,65535,65535,255,1
1811,75632,460400745,13,2132,3,0,65535,65535,98,65535,255,255
1812,75681,460400745,0,3805,3,1,170,65535,114,70,6,255
1813,75712,460400745,10,3064,3,1,65535,32,65535,65535,255,1
1814,75741,460400745,13,3936,3,0,65535,65535,114,65535,255,255
1815,75772,460400745,10,3413,3,1,65535,130,65535,65535,255,1
1816,75801,460400745,13,3376,3,0,65535,65535,378,65535,255,255
1817,75832,460400745,10,2976,3,1,65535,156,65535,65535,255,0
1818,75864,460400745,6,3592,3,1,58,65535,65535,65535,255,3
1819,75895,460400745,10,2061,3,1,65535,618,65535,65535,255,0
1820,75924,460400745,13,4091,3,0,65535,65535,104,65535,255,255
1821,75955,460400745,10,2949,3,1,65535,132,65535,65535,255,1
1822,75984,460400745,13,3185,3,0,65535,65535,108,65535,255,255
1823,76016,460400745,6,3203,3,1,34,65535,65535,65535,255,2
1824,76045,460400745,13,3585,3,0,65535,65535,520,65535,255,255
1825,76077,460400745,6,3564,3,1,172,65535,65535,65535,255,1
1826,76109,460400745,6,3550,3,1,182,65535,65535,65535,255,1
1827,76141,460400745,6,2943,3,1,18,65535,65535,65535,255,2
1828,76170,460400745,13,3021,3,0,65535,65535,532,65535,255,255
1829,76201,460400745,10,4061,3,1,65535,34,65535,65535,255,0
1830,76230,460400745,13,3003,3,0,65535,65535,878,65535,255,255
1831,76259,460400745,13,4057,3,0,65535,65535,108,65535,255,255
1832,76288,460400745,13,4029,3,0,65535,65535,104,65535,255,255
1833,76319,460400745,10,2563,3,1,65535,48,65535,65535,255,0
1834,76373,460400745,0,3279,3,0,830,448,430,24,255,255
1835,76405,460400745,6,3867,4,1,166,65535,65535,65535,255,0
1836,76436,460400745,10,4028,4,1,65535,148,65535,65535,255,0
1837,76467,460400745,10,3970,4,1,65535,460,65535,65535,255,0
1838,76496,460400745,13,3166,4,0,65535,65535,114,65535,255,255
1839,76545,460400745,0,3045,4,1,164,65535,100,68,6,255
1840,76574,460400745,13,3118,4,0,65535,65535,104,65535,255,255
1841,76605,460400745,10,3698,4,1,65535,44,65535,65535,255,1
1842,76636,460400745,10,1710,4,1,65535,732,65535,65535,255,1
1843,76668,460400745,6,3869,4,1,34,65535,65535,65535,255,2
1844,76722,460400745,0,2220,4,0,1274,816,554,64,255,255
1845,76776,460400745,0,2303,4,0,1062,624,536,68,255,255
1846,76825,460400745,0,3920,4,1,168,65535,98,70,6,255
1847,76854,460400745,13,3982,4,0,65535,65535,466,65535,255,255
1848,76883,460400745,13,2342,4,0,65535,65535,624,65535,255,255
1849,76937,460400745,0,3282,4,0,1100,744,432,44,255,255
1850,76966,460400745,13,3990,4,0,65535,65535,102,65535,255,255
1851,76997,460400745,10,3807,4,1,65535,152,65535,65535,255,0
1852,77051,460400745,0,3814,4,0,892,470,490,40,255,255
1853,77105,460400745,0,4002,4,0,900,488,480,40,255,255
1854,77136,460400745,10,3238,4,1,65535,496,65535,65535,255,0
1855,77190,460400745,0,309,4,0,796,460,430,70,255,255
1856,77244,460400745,0,3949,4,0,798,464,430,70,255,255
1857,77276,460400745,6,3082,4,1,194,65535,65535,65535,255,2
1858,77305,460400745,13,3727,4,0,65535,65535,474,65535,255,255
1859,77336,460400745,10,3610,4,1,65535,140,65535,65535,255,1
1860,77365,460400745,13,3576,4,0,65535,65535,120,65535,255,255
1861,77397,460400745,6,3408,4,1,880,65535,65535,65535,255,0
1862,77426,460400745,13,3114,4,0,65535,65535,418,65535,255,255
1863,77458,460400745,6,3493,4,1,168,65535,65535,65535,255,0
1864,77489,460400745,10,2948,4,1,65535,154,65535,65535,255,0
1865,77518,460400745,13,3753,4,0,65535,65535,484,65535,255,255
1866,77550,460400745,6,3499,4,1,8,65535,65535,65535,255,2
1867,77581,460400745,10,4041,5,1,65535,6,65535,65535,255,1
1868,77610,460400745,13,3044,5,0,65535,65535,406,65535,255,255
1869,77642,460400745,6,3177,5,1,16,65535,65535,65535,255,2
1870,77671,460400745,13,281,5,0,65535,65535,96,65535,255,255
1871,77702,460400745,10,4087,5,1,65535,42,65535,65535,255,2
1872,77733,460400745,10,3984,5,1,65535,32,65535,65535,255,1
1873,77765,460400745,6,3514,5,1,160,65535,65535,65535,255,0
1874,77819,460400745,0,2634,5,0,994,652,442,68,255,255
1875,77848,460400745,13,3224,5,0,65535,65535,756,65535,255,255
1876,77877,460400745,13,3232,5,0,65535,65535,472,65535,255,255
1877,77906,460400745,13,3888,5,0,65535,65535,592,65535,255,255
1878,77938,460400745,6,3981,5,1,18,65535,65535,65535,255,2
1879,77967,460400745,13,3751,5,0,65535,65535,456,65535,255,255
1880,78021,460400745,0,3124,5,0,904,534,466,68,255,255
1881,78070,460400745,0,3443,5,1,158,65535,84,78,6,255
1882,78102,460400745,6,1449,5,1,0,65535,65535,65535,255,1
1883,78156,460400745,0,2375,5,0,732,408,394,42,255,255
1884,78210,460400745,0,4077,5,0,864,504,454,66,255,255
1885,78239,460400745,13,3465,5,0,65535,65535,508,65535,255,255
1886,78271,460400745,6,3906,5,1,954,65535,65535,65535,255,1
1887,78302,460400745,10,3689,5,1,65535,30,65535,65535,255,1
1888,78333,460400745,10,2947,5,1,65535,148,65535,65535,255,0
1889,78382,460400745,0,4062,5,1,162,65535,96,70,8,255
1890,78436,460400745,0,2704,5,0,744,398,412,40,255,255
1891,78465,460400745,13,3967,5,0,65535,65535,714,65535,255,255
1892,78494,460400745,13,3937,5,0,65535,65535,496,65535,255,255
1893,78523,460400745,13,3884,5,0,65535,65535,92,65535,255,255
1894,78552,460400745,13,4032,5,0,65535,65535,524,65535,255,255
1895,78583,460400745,10,3415,5,1,65535,34,65535,65535,255,1
1896,78632,460400745,0,3448,5,1,180,65535,112,40,10,255
1897,78663,460400745,10,3577,5,1,65535,162,65535,65535,255,0
1898,78694,460400745,10,3088,5,1,65535,52,65535,65535,255,0
1899,78726,460400745,6,4061,5,1,10,65535,65535,65535,255,2
1900,78758,460400745,6,997,6,1,970,65535,65535,65535,255,2
1901,78789,460400745,10,3727,6,1,65535,48,65535,65535,255,0
1902,78818,460400745,13,3671,6,0,65535,65535,432,65535,255,255
1903,78850,460400745,6,922,6,1,1342,65535,65535,65535,255,1
1904,78882,460400745,6,3797,6,1,836,65535,65535,65535,255,0
1905,78911,460400745,13,244,6,0,65535,65535,480,65535,255,255
1906,78943,460400745,6,3921,6,1,200,65535,65535,65535,255,0
1907,78974,460400745,10,3672,6,1,65535,50,65535,65535,255,0
1908,79005,460400745,10,3959,6,1,65535,40,65535,65535,255,0
1909,79037,460400745,6,4035,6,1,948,65535,65535,65535,255,0
1910,79066,460400745,13,3895,6,0,65535,65535,550,65535,255,255
1911,79120,460400745,0,3798,6,0,1052,628,500,46,255,255
1912,79174,460400745,0,3010,6,0,178,142,98,76,255,255
1913,79228,460400745,0,3837,6,0,830,450,478,70,255,255
1914,79277,460400745,0,3873,6,1,476,65535,460,38,2,255
1915,79306,460400745,13,569,6,0,65535,65535,462,65535,255,255
1916,79337,460400745,10,4023,6,1,65535,40,65535,65535,255,1
1917,79391,460400745,0,3419,6,0,1132,698,502,40,255,255
1918,79420,460400745,13,3937,6,0,65535,65535,476,65535,255,255
1919,79452,460400745,6,3536,7,1,174,65535,65535,65535,255,1
1920,79483,460400745,10,3584,7,1,65535,42,65535,65535,255,1
1921,79512,460400745,13,3671,7,0,65535,65535,234,65535,255,255
1922,79544,460400745,6,3831,7,1,146,65535,65535,65535,255,0
1923,79573,460400745,13,3613,7,0,65535,65535,110,65535,255,255
1924,79605,460400745,6,3734,7,1,152,65535,65535,65535,255,0
1925,79634,460400745,13,3586,7,0,65535,65535,92,65535,255,255
1926,79665,460400745,10,3213,7,1,65535,118,65535,65535,255,1
1927,79697,460400745,6,3399,7,1,156,65535,65535,65535,255,0
1928,79729,460400745,6,3997,7,1,168,65535,65535,65535,255,1
1929,79760,460400745,10,4023,7,1,65535,62,65535,65535,255,0
1930,79789,460400745,13,3965,7,0,65535,65535,444,65535,255,255
1931,79821,460400745,6,3546,7,1,146,65535,65535,65535,255,0
1932,79852,460400745,10,3424,7,1,65535,130,65535,65535,255,0
1933,79881,460400745,13,3196,7,0,65535,65535,92,65535,255,255
1934,79912,460400745,10,2981,7,1,65535,452,65535,65535,255,0
1935,79943,460400745,10,3994,7,1,65535,62,65535,65535,255,1
1936,79974,460400745,10,3548,7,1,65535,6,65535,65535,255,1
1937,80005,460400745,10,3934,7,1,65535,112,65535,65535,255,1
1938,80037,460400745,6,2647,7,1,150,65535,65535,65535,255,0
1939,80068,460400745,10,3740,1,1,65535,142,65535,65535,255,0
1940,80100,460400745,6,3993,1,1,1334,65535,65535,65535,255,0
1941,80132,460400745,6,3917,1,1,10,65535,65535,65535,255,2
1942,80164,460400745,6,2581,1,1,148,65535,65535,65535,255,0
1943,80193,460400745,13,3673,1,0,65535,65535,532,65535,255,255
1944,80222,460400745,13,4073,1,0,65535,65535,104,65535,255,255
1945,80254,460400745,6,3444,1,1,168,65535,65535,65535,255,0
1946,80283,460400745,13,3602,1,0,65535,65535,524,65535,255,255
1947,80315,460400745,6,4061,1,1,174,65535,65535,65535,255,0
1948,80347,460400745,6,3826,1,1,166,65535,65535,65535,255,0
1949,80376,460400745,13,2738,1,0,65535,65535,108,65535,255,255
1950,80407,460400745,10,3509,1,1,65535,132,65535,65535,255,0
1951,80461,460400745,0,3755,1,0,726,458,366,70,255,255
1952,80515,460400745,0,3952,1,0,882,514,458,62,255,255
1953,80569,460400745,0,4035,1,0,1220,836,456,42,255,255
1954,80601,460400745,6,2708,1,1,172,65535,65535,65535,255,0
1955,80650,460400745,0,3933,1,1,166,65535,108,68,8,255
1956,80681,460400745,10,4059,1,1,65535,60,65535,65535,255,0
1957,80710,460400745,13,3722,1,0,65535,65535,106,65535,255,255
1958,80741,460400745,10,4051,1,1,65535,138,65535,65535,255,0
1959,80772,460400745,10,2718,1,1,65535,94,65535,65535,255,0
1960,80803,460400745,10,3426,1,1,65535,116,65535,65535,255,1
1961,80852,460400745,0,310,1,1,160,65535,98,68,10,255
1962,80881,460400745,13,2079,1,0,65535,65535,108,65535,255,255
1963,80910,460400745,13,3974,1,0,65535,65535,798,65535,255,255
1964,80939,460400745,13,4077,1,0,65535,65535,112,65535,255,255
1965,80971,460400745,6,2491,1,1,160,65535,65535,65535,255,0
1966,81020,460400745,0,2899,1,1,168,65535,96,40,12,255
1967,81074,460400745,0,3671,1,0,968,606,458,68,255,255
1968,81123,460400745,0,4001,1,1,174,65535,104,40,10,255
1969,81154,460400745,10,3657,1,1,65535,62,65535,65535,255,0
1970,81183,460400745,13,3727,1,0,65535,65535,482,65535,255,255
1971,81214,460400745,10,3962,1,1,65535,138,65535,65535,255,2
1972,81243,460400745,13,3212,1,0,65535,65535,104,65535,255,255
1973,81275,460400745,6,4090,1,1,154,65535,65535,65535,255,0
1974,81306,460400745,10,3231,1,1,65535,930,65535,65535,255,1
1975,81337,460400745,10,3536,1,1,65535,666,65535,65535,255,0
1976,81369,460400745,6,2757,1,1,168,65535,65535,65535,255,0
1977,81400,460400745,10,3922,1,1,65535,150,65535,65535,255,0
1978,81429,460400745,13,3907,1,0,65535,65535,620,65535,255,255
1979,81458,460400745,13,1861,1,0,65535,65535,424,65535,255,255
1980,81489,460400745,10,3043,2,1,65535,28,65535,65535,255,0
1981,81518,460400745,13,3839,2,0,65535,65535,508,65535,255,255
1982,81550,460400745,6,3975,2,1,24,65535,65535,65535,255,2
1983,81582,460400745,6,3476,2,1,32,65535,65535,65535,255,2
1984,81613,460400745,10,4008,2,1,65535,2,65535,65535,255,3
1985,81644,460400745,10,1491,2,1,65535,146,65535,65535,255,0
1986,81676,460400745,6,2515,2,1,144,65535,65535,65535,255,3
1987,81708,460400745,6,3780,2,1,466,65535,65535,65535,255,0
1988,81737,460400745,13,3984,2,0,65535,65535,106,65535,255,255
1989,81766,460400745,13,3171,2,0,65535,65535,432,65535,255,255
1990,81795,460400745,13,1823,2,0,65535,65535,526,65535,255,255
1991,81844,460400745,0,3917,2,1,184,65535,108,40,10,255
1992,81898,460400745,0,3569,2,0,1630,232,482,70,255,255
1993,81927,460400745,13,3751,2,0,65535,65535,104,65535,255,255
1994,81956,460400745,13,4060,2,0,65535,65535,0,65535,255,255
1995,81988,460400745,6,2632,2,1,162,65535,65535,65535,255,0
1996,82037,460400745,0,4052,2,1,182,65535,112,40,12,255
1997,82066,460400745,13,3620,2,0,65535,65535,108,65535,255,255
